Site_code,Site,Treatment,Fgroup,Species,Plot,LAImax,LAImin,LMA,Max_BM,Min_BM,BM_Growth,WT,PineBM_change,SpruceBM_change,BirchBM_change
MEC,mes,ctr,Evergreen shrubs,AndrPoli,1,0.031542207,0.014414063,164.4923301,5.188451205,2.371002727,2.817448478,-9.2,3942.784328,na,163.447769
MEC,mes,ctr,Evergreen shrubs,AndrPoli,2,0.229060505,0.09689969,164.4923301,37.67869627,15.93925572,21.73944055,-16.4,3942.784328,na,163.447769
MEC,mes,ctr,Evergreen shrubs,AndrPoli,3,0.114328846,0.044834185,164.4923301,18.80621831,7.37487951,11.4313388,-28.4,3942.784328,na,163.447769
MEC,mes,ctr,Evergreen shrubs,AndrPoli,4,0.058611491,0.031817808,164.4923301,9.64114078,5.233785459,4.407355321,-10.2,3942.784328,na,163.447769
MEC,mes,ctr,Evergreen shrubs,AndrPoli,5,0.039005785,0.004324219,164.4923301,6.416152409,0.711300818,5.704851591,-13.4,3942.784328,na,163.447769
MEC,mes,ctr,Evergreen shrubs,AndrPoli,6,0.012110391,0,164.4923301,1.992066421,0,1.992066421,-5.6,3942.784328,na,163.447769
MEC,mes,ctr,Evergreen shrubs,AndrPoli,7,0.144415385,0.070866937,164.4923301,23.75522312,11.65706761,12.09815551,-6,3942.784328,na,163.447769
MEC,mes,ctr,Evergreen shrubs,AndrPoli,8,0.107146915,0.0230625,164.4923301,17.62484577,3.793604364,13.83124141,-13.6,3942.784328,na,163.447769
MEC,mes,ctr,Evergreen shrubs,VaccOxyc,1,0.176679113,0.069401586,84.55503294,14.93910821,5.868253375,9.070854831,-9.2,3942.784328,na,163.447769
MEC,mes,ctr,Evergreen shrubs,VaccOxyc,2,0.142795603,0.055692631,84.55503294,12.0740869,4.709092215,7.364994682,-16.4,3942.784328,na,163.447769
MEC,mes,ctr,Evergreen shrubs,VaccOxyc,3,0.298744573,0.043697295,84.55503294,25.26035719,3.694826199,21.56553099,-28.4,3942.784328,na,163.447769
MEC,mes,ctr,Evergreen shrubs,VaccOxyc,4,0.083801982,0.017136194,84.55503294,7.085879329,1.448951451,5.636927878,-10.2,3942.784328,na,163.447769
MEC,mes,ctr,Evergreen shrubs,VaccOxyc,5,0.150740741,0.045410914,84.55503294,12.7458883,3.839721344,8.906166954,-13.4,3942.784328,na,163.447769
MEC,mes,ctr,Evergreen shrubs,VaccOxyc,6,0.158847448,0.043697295,84.55503294,13.43135117,3.694826199,9.736524971,-5.6,3942.784328,na,163.447769
MEC,mes,ctr,Evergreen shrubs,VaccOxyc,7,0.180904509,0.046267724,84.55503294,15.29638668,3.912168917,11.38421777,-6,3942.784328,na,163.447769
MEC,mes,ctr,Evergreen shrubs,VaccOxyc,8,0.219292551,0.063403918,84.55503294,18.54228889,5.361120367,13.18116853,-13.6,3942.784328,na,163.447769
MEC,mes,ctr,Deciduous shrubs,BetuNana,1,0.03687406,0,159.4463035,5.879432511,0,5.879432511,-9.2,3942.784328,na,163.447769
MEC,mes,ctr,Deciduous shrubs,BetuNana,2,0.04443424,0,159.4463035,7.084875243,0,7.084875243,-16.4,3942.784328,na,163.447769
MEC,mes,ctr,Deciduous shrubs,BetuNana,3,0.108588437,0,159.4463035,17.31402483,0,17.31402483,-28.4,3942.784328,na,163.447769
MEC,mes,ctr,Deciduous shrubs,BetuNana,4,0.057618197,0,159.4463035,9.187008451,0,9.187008451,-10.2,3942.784328,na,163.447769
MEC,mes,ctr,Deciduous shrubs,BetuNana,5,0.209233861,0,159.4463035,33.36156564,0,33.36156564,-13.4,3942.784328,na,163.447769
MEC,mes,ctr,Deciduous shrubs,BetuNana,6,0.004308286,0,159.4463035,0.686940316,0,0.686940316,-5.6,3942.784328,na,163.447769
MEC,mes,ctr,Deciduous shrubs,BetuNana,7,0.02477253,0,159.4463035,3.949888379,0,3.949888379,-6,3942.784328,na,163.447769
MEC,mes,ctr,Deciduous shrubs,BetuNana,8,0.005965203,0,159.4463035,0.951129642,0,0.951129642,-13.6,3942.784328,na,163.447769
MEC,mes,ctr,Tree seedlings,BetuPube,1,0.004510523,0,62.0641707,0.279941867,0,0.279941867,-9.2,3942.784328,na,163.447769
MEC,mes,ctr,Tree seedlings,BetuPube,2,0,0,62.0641707,0,0,0,-16.4,3942.784328,na,163.447769
MEC,mes,ctr,Tree seedlings,BetuPube,3,0,0,62.0641707,0,0,0,-28.4,3942.784328,na,163.447769
MEC,mes,ctr,Tree seedlings,BetuPube,4,0.056537436,0,62.0641707,3.50894905,0,3.50894905,-10.2,3942.784328,na,163.447769
MEC,mes,ctr,Tree seedlings,BetuPube,5,0.122076223,0,62.0641707,7.576559528,0,7.576559528,-13.4,3942.784328,na,163.447769
MEC,mes,ctr,Tree seedlings,BetuPube,6,0,0,62.0641707,0,0,0,-5.6,3942.784328,na,163.447769
MEC,mes,ctr,Tree seedlings,BetuPube,7,0,0,62.0641707,0,0,0,-6,3942.784328,na,163.447769
MEC,mes,ctr,Tree seedlings,BetuPube,8,0,0,62.0641707,0,0,0,-13.6,3942.784328,na,163.447769
MEC,mes,ctr,Graminoids,CareChor,1,0.007519531,0,148.6032254,1.117426597,0,1.117426597,-9.2,3942.784328,na,163.447769
MEC,mes,ctr,Graminoids,CareChor,2,0.003417969,0,148.6032254,0.507921181,0,0.507921181,-16.4,3942.784328,na,163.447769
MEC,mes,ctr,Graminoids,CareChor,3,0.005385776,0,148.6032254,0.800343664,0,0.800343664,-28.4,3942.784328,na,163.447769
MEC,mes,ctr,Graminoids,CareChor,4,0.008886719,0,148.6032254,1.320595069,0,1.320595069,-10.2,3942.784328,na,163.447769
MEC,mes,ctr,Graminoids,CareChor,5,0.012310345,0,148.6032254,1.829356947,0,1.829356947,-13.4,3942.784328,na,163.447769
MEC,mes,ctr,Graminoids,CareChor,6,0.001923491,0,148.6032254,0.285837023,0,0.285837023,-5.6,3942.784328,na,163.447769
MEC,mes,ctr,Graminoids,CareChor,7,0.011279297,0,148.6032254,1.676139896,0,1.676139896,-6,3942.784328,na,163.447769
MEC,mes,ctr,Graminoids,CareChor,8,0.015772629,0,148.6032254,2.343863588,0,2.343863588,-13.6,3942.784328,na,163.447769
MEC,mes,ctr,Graminoids,CareLimo,1,0,0,148.6032254,0,0,0,-9.2,3942.784328,na,163.447769
MEC,mes,ctr,Graminoids,CareLimo,2,0,0,148.6032254,0,0,0,-16.4,3942.784328,na,163.447769
MEC,mes,ctr,Graminoids,CareLimo,3,0,0,148.6032254,0,0,0,-28.4,3942.784328,na,163.447769
MEC,mes,ctr,Graminoids,CareLimo,4,0,0,148.6032254,0,0,0,-10.2,3942.784328,na,163.447769
MEC,mes,ctr,Graminoids,CareLimo,5,0,0,148.6032254,0,0,0,-13.4,3942.784328,na,163.447769
MEC,mes,ctr,Graminoids,CareLimo,6,0,0,148.6032254,0,0,0,-5.6,3942.784328,na,163.447769
MEC,mes,ctr,Graminoids,CareLimo,7,0,0,148.6032254,0,0,0,-6,3942.784328,na,163.447769
MEC,mes,ctr,Graminoids,CareLimo,8,0,0,148.6032254,0,0,0,-13.6,3942.784328,na,163.447769
MEC,mes,ctr,Graminoids,CareLivi,1,0.042226999,0,148.6032254,6.275068285,0,6.275068285,-9.2,3942.784328,na,163.447769
MEC,mes,ctr,Graminoids,CareLivi,2,0.003821429,0,148.6032254,0.567876611,0,0.567876611,-16.4,3942.784328,na,163.447769
MEC,mes,ctr,Graminoids,CareLivi,3,0,0,148.6032254,0,0,0,-28.4,3942.784328,na,163.447769
MEC,mes,ctr,Graminoids,CareLivi,4,0.0093375,0,148.6032254,1.387582617,0,1.387582617,-10.2,3942.784328,na,163.447769
MEC,mes,ctr,Graminoids,CareLivi,5,0,0,148.6032254,0,0,0,-13.4,3942.784328,na,163.447769
MEC,mes,ctr,Graminoids,CareLivi,6,0,0,148.6032254,0,0,0,-5.6,3942.784328,na,163.447769
MEC,mes,ctr,Graminoids,CareLivi,7,0,0,148.6032254,0,0,0,-6,3942.784328,na,163.447769
MEC,mes,ctr,Graminoids,CareLivi,8,0.0093375,0,148.6032254,1.387582617,0,1.387582617,-13.6,3942.784328,na,163.447769
MEC,mes,ctr,Graminoids,CareEchi,1,0,0,148.6032254,0,0,0,-9.2,3942.784328,na,163.447769
MEC,mes,ctr,Graminoids,CareEchi,2,0.000154042,0,148.6032254,0.022891195,0,0.022891195,-16.4,3942.784328,na,163.447769
MEC,mes,ctr,Graminoids,CareEchi,3,0,0,148.6032254,0,0,0,-28.4,3942.784328,na,163.447769
MEC,mes,ctr,Graminoids,CareEchi,4,0,0,148.6032254,0,0,0,-10.2,3942.784328,na,163.447769
MEC,mes,ctr,Graminoids,CareEchi,5,0.004528846,0,148.6032254,0.673001146,0,0.673001146,-13.4,3942.784328,na,163.447769
MEC,mes,ctr,Graminoids,CareEchi,6,0,0,148.6032254,0,0,0,-5.6,3942.784328,na,163.447769
MEC,mes,ctr,Graminoids,CareEchi,7,0,0,148.6032254,0,0,0,-6,3942.784328,na,163.447769
MEC,mes,ctr,Graminoids,CareEchi,8,0,0,148.6032254,0,0,0,-13.6,3942.784328,na,163.447769
MEC,mes,ctr,Graminoids,CareLasi,1,1.045123434,0.129035285,159.4463035,166.6410682,20.57419926,146.066869,-9.2,3942.784328,na,163.447769
MEC,mes,ctr,Graminoids,CareLasi,2,0.463578758,0.140765766,159.4463035,73.91591937,22.44458102,51.47133835,-16.4,3942.784328,na,163.447769
MEC,mes,ctr,Graminoids,CareLasi,3,0.325584326,0.117304805,159.4463035,51.9132173,18.70381751,33.20939979,-28.4,3942.784328,na,163.447769
MEC,mes,ctr,Graminoids,CareLasi,4,0.951760451,0.175957207,159.4463035,151.7546858,28.05572627,123.6989595,-10.2,3942.784328,na,163.447769
MEC,mes,ctr,Graminoids,CareLasi,5,1.219069231,0.222879129,159.4463035,194.3760826,35.53725327,158.8388293,-13.4,3942.784328,na,163.447769
MEC,mes,ctr,Graminoids,CareLasi,6,1.079204204,0.351914414,159.4463035,172.0751211,56.11145254,115.9636686,-5.6,3942.784328,na,163.447769
MEC,mes,ctr,Graminoids,CareLasi,7,0.487250401,0.140765766,159.4463035,77.69027537,22.44458102,55.24569436,-6,3942.784328,na,163.447769
MEC,mes,ctr,Graminoids,CareLasi,8,0.653456529,0.140765766,159.4463035,104.1912281,22.44458102,81.74664707,-13.6,3942.784328,na,163.447769
MEC,mes,ctr,Graminoids,CarePauc,1,0.039921875,0.001701389,148.6032254,5.932519389,0.252831877,5.679687512,-9.2,3942.784328,na,163.447769
MEC,mes,ctr,Graminoids,CarePauc,2,0.01098375,0,148.6032254,1.632220677,0,1.632220677,-16.4,3942.784328,na,163.447769
MEC,mes,ctr,Graminoids,CarePauc,3,0.007575,0,148.6032254,1.125669432,0,1.125669432,-28.4,3942.784328,na,163.447769
MEC,mes,ctr,Graminoids,CarePauc,4,0.001515,0,148.6032254,0.225133886,0,0.225133886,-10.2,3942.784328,na,163.447769
MEC,mes,ctr,Graminoids,CarePauc,5,0.000340278,0,148.6032254,0.050566375,0,0.050566375,-13.4,3942.784328,na,163.447769
MEC,mes,ctr,Graminoids,CarePauc,6,0.00109375,0,148.6032254,0.162534778,0,0.162534778,-5.6,3942.784328,na,163.447769
MEC,mes,ctr,Graminoids,CarePauc,7,0.0021875,0,148.6032254,0.325069556,0,0.325069556,-6,3942.784328,na,163.447769
MEC,mes,ctr,Graminoids,CarePauc,8,0.01818,0.0030625,148.6032254,2.701606638,0.455097378,2.24650926,-13.6,3942.784328,na,163.447769
MEC,mes,ctr,Graminoids,CareRost,1,0.162495536,0.021028409,105.8877306,17.20628351,2.226650516,14.97963299,-9.2,3942.784328,na,163.447769
MEC,mes,ctr,Graminoids,CareRost,2,0.436805147,0.021028409,105.8877306,46.25230573,2.226650516,44.02565521,-16.4,3942.784328,na,163.447769
MEC,mes,ctr,Graminoids,CareRost,3,0,0,105.8877306,0,0,0,-28.4,3942.784328,na,163.447769
MEC,mes,ctr,Graminoids,CareRost,4,0.258112132,0.031542614,105.8877306,27.33090793,3.339975774,23.99093215,-10.2,3942.784328,na,163.447769
MEC,mes,ctr,Graminoids,CareRost,5,0.178693015,0.005257102,105.8877306,18.9213978,0.556662629,18.36473517,-13.4,3942.784328,na,163.447769
MEC,mes,ctr,Graminoids,CareRost,6,0.33753125,0.021028409,105.8877306,35.74041806,2.226650516,33.51376754,-5.6,3942.784328,na,163.447769
MEC,mes,ctr,Graminoids,CareRost,7,0.099273897,0,105.8877306,10.51188767,0,10.51188767,-6,3942.784328,na,163.447769
MEC,mes,ctr,Graminoids,CareRost,8,0.088633929,0.015771307,105.8877306,9.385245549,1.669987887,7.715257661,-13.6,3942.784328,na,163.447769
MEC,mes,ctr,Graminoids,ErioAngu,1,0,0,105.8877306,0,0,0,-9.2,3942.784328,na,163.447769
MEC,mes,ctr,Graminoids,ErioAngu,2,0,0,105.8877306,0,0,0,-16.4,3942.784328,na,163.447769
MEC,mes,ctr,Graminoids,ErioAngu,3,0,0,105.8877306,0,0,0,-28.4,3942.784328,na,163.447769
MEC,mes,ctr,Graminoids,ErioAngu,4,0,0,105.8877306,0,0,0,-10.2,3942.784328,na,163.447769
MEC,mes,ctr,Graminoids,ErioAngu,5,0.010328045,0,105.8877306,1.093613276,0,1.093613276,-13.4,3942.784328,na,163.447769
MEC,mes,ctr,Graminoids,ErioAngu,6,0.087597269,0.007061145,105.8877306,9.275476002,0.747688595,8.527787407,-5.6,3942.784328,na,163.447769
MEC,mes,ctr,Graminoids,ErioAngu,7,0.034627279,0,105.8877306,3.666603952,0,3.666603952,-6,3942.784328,na,163.447769
MEC,mes,ctr,Graminoids,ErioAngu,8,0.015546941,0,105.8877306,1.646230346,0,1.646230346,-13.6,3942.784328,na,163.447769
MEC,mes,ctr,Graminoids,ErioVagi,1,0.029408951,0,105.8877306,3.114047112,0,3.114047112,-9.2,3942.784328,na,163.447769
MEC,mes,ctr,Graminoids,ErioVagi,2,0,0,138.11422,0,0,0,-16.4,3942.784328,na,163.447769
MEC,mes,ctr,Graminoids,ErioVagi,3,0,0,138.11422,0,0,0,-28.4,3942.784328,na,163.447769
MEC,mes,ctr,Graminoids,ErioVagi,4,0,0,138.11422,0,0,0,-10.2,3942.784328,na,163.447769
MEC,mes,ctr,Graminoids,ErioVagi,5,0,0,138.11422,0,0,0,-13.4,3942.784328,na,163.447769
MEC,mes,ctr,Graminoids,ErioVagi,6,0.011556818,0.006213542,138.11422,1.596160929,0.858178461,0.737982468,-5.6,3942.784328,na,163.447769
MEC,mes,ctr,Graminoids,ErioVagi,7,0,0,138.11422,0,0,0,-6,3942.784328,na,163.447769
MEC,mes,ctr,Graminoids,ErioVagi,8,0,0,138.11422,0,0,0,-13.6,3942.784328,na,163.447769
MEC,mes,ctr,Graminoids,TricAlpi,1,0.024886029,0,215.163843,5.354573725,0,5.354573725,-9.2,3942.784328,na,163.447769
MEC,mes,ctr,Graminoids,TricAlpi,2,0,0,215.163843,0,0,0,-16.4,3942.784328,na,163.447769
MEC,mes,ctr,Graminoids,TricAlpi,3,0,0,215.163843,0,0,0,-28.4,3942.784328,na,163.447769
MEC,mes,ctr,Graminoids,TricAlpi,4,0,0,215.163843,0,0,0,-10.2,3942.784328,na,163.447769
MEC,mes,ctr,Graminoids,TricAlpi,5,0,0,215.163843,0,0,0,-13.4,3942.784328,na,163.447769
MEC,mes,ctr,Graminoids,TricAlpi,6,0,0,215.163843,0,0,0,-5.6,3942.784328,na,163.447769
MEC,mes,ctr,Graminoids,TricAlpi,7,0,0,215.163843,0,0,0,-6,3942.784328,na,163.447769
MEC,mes,ctr,Graminoids,TricAlpi,8,0,0,215.163843,0,0,0,-13.6,3942.784328,na,163.447769
MEC,mes,ctr,Forbs,DactMacu,1,0.054112601,0,69.62371052,3.767520083,0,3.767520083,-9.2,3942.784328,na,163.447769
MEC,mes,ctr,Forbs,DactMacu,2,0.004308833,0,69.62371052,0.299996935,0,0.299996935,-16.4,3942.784328,na,163.447769
MEC,mes,ctr,Forbs,DactMacu,3,0,0,69.62371052,0,0,0,-28.4,3942.784328,na,163.447769
MEC,mes,ctr,Forbs,DactMacu,4,0,0,69.62371052,0,0,0,-10.2,3942.784328,na,163.447769
MEC,mes,ctr,Forbs,DactMacu,5,0,0,69.62371052,0,0,0,-13.4,3942.784328,na,163.447769
MEC,mes,ctr,Forbs,DactMacu,6,0,0,69.62371052,0,0,0,-5.6,3942.784328,na,163.447769
MEC,mes,ctr,Forbs,DactMacu,7,0,0,69.62371052,0,0,0,-6,3942.784328,na,163.447769
MEC,mes,ctr,Forbs,DactMacu,8,0,0,69.62371052,0,0,0,-13.6,3942.784328,na,163.447769
MEC,mes,ctr,Forbs,DrosRotu,1,0.027628125,0,39.31034483,1.086071121,0,1.086071121,-9.2,3942.784328,na,163.447769
MEC,mes,ctr,Forbs,DrosRotu,2,0,0,39.31034483,0,0,0,-16.4,3942.784328,na,163.447769
MEC,mes,ctr,Forbs,DrosRotu,3,0,0,39.31034483,0,0,0,-28.4,3942.784328,na,163.447769
MEC,mes,ctr,Forbs,DrosRotu,4,0.006578125,0,39.31034483,0.258588362,0,0.258588362,-10.2,3942.784328,na,163.447769
MEC,mes,ctr,Forbs,DrosRotu,5,0,0,39.31034483,0,0,0,-13.4,3942.784328,na,163.447769
MEC,mes,ctr,Forbs,DrosRotu,6,0.001315625,0,39.31034483,0.051717672,0,0.051717672,-5.6,3942.784328,na,163.447769
MEC,mes,ctr,Forbs,DrosRotu,7,0,0,39.31034483,0,0,0,-6,3942.784328,na,163.447769
MEC,mes,ctr,Forbs,DrosRotu,8,0.006578125,0,39.31034483,0.258588362,0,0.258588362,-13.6,3942.784328,na,163.447769
MEC,mes,ctr,Forbs,MenyTrif,1,0.017662423,0,47.69516191,0.842412123,0,0.842412123,-9.2,3942.784328,na,163.447769
MEC,mes,ctr,Forbs,MenyTrif,2,0.052792279,0,47.69516191,2.517936314,0,2.517936314,-16.4,3942.784328,na,163.447769
MEC,mes,ctr,Forbs,MenyTrif,3,0.034235294,0,47.69516191,1.632857896,0,1.632857896,-28.4,3942.784328,na,163.447769
MEC,mes,ctr,Forbs,MenyTrif,4,0,0,47.69516191,0,0,0,-10.2,3942.784328,na,163.447769
MEC,mes,ctr,Forbs,MenyTrif,5,0,0,47.69516191,0,0,0,-13.4,3942.784328,na,163.447769
MEC,mes,ctr,Forbs,MenyTrif,6,0,0,47.69516191,0,0,0,-5.6,3942.784328,na,163.447769
MEC,mes,ctr,Forbs,MenyTrif,7,0,0,47.69516191,0,0,0,-6,3942.784328,na,163.447769
MEC,mes,ctr,Forbs,MenyTrif,8,0,0,47.69516191,0,0,0,-13.6,3942.784328,na,163.447769
MEC,mes,ctr,Forbs,SchePalu,1,0.022495154,0,166.6286563,3.74833735,0,3.74833735,-9.2,3942.784328,na,163.447769
MEC,mes,ctr,Forbs,SchePalu,2,0.026989583,0,166.6286563,4.497238006,0,4.497238006,-16.4,3942.784328,na,163.447769
MEC,mes,ctr,Forbs,SchePalu,3,0.010795833,0,166.6286563,1.798895202,0,1.798895202,-28.4,3942.784328,na,163.447769
MEC,mes,ctr,Forbs,SchePalu,4,0.053979167,0,166.6286563,8.994476012,0,8.994476012,-10.2,3942.784328,na,163.447769
MEC,mes,ctr,Forbs,SchePalu,5,0,0,166.6286563,0,0,0,-13.4,3942.784328,na,163.447769
MEC,mes,ctr,Forbs,SchePalu,6,0,0,166.6286563,0,0,0,-5.6,3942.784328,na,163.447769
MEC,mes,ctr,Forbs,SchePalu,7,0.117400341,0,166.6286563,19.56226109,0,19.56226109,-6,3942.784328,na,163.447769
MEC,mes,ctr,Forbs,SchePalu,8,0.064775,0,166.6286563,10.79337121,0,10.79337121,-13.6,3942.784328,na,163.447769
MEC,mes,ctr,Forbs,TrieEuro,1,0,0,69.62371052,0,0,0,-9.2,3942.784328,na,163.447769
MEC,mes,ctr,Forbs,TrieEuro,2,0.014067888,0,69.62371052,0.979458557,0,0.979458557,-16.4,3942.784328,na,163.447769
MEC,mes,ctr,Forbs,TrieEuro,3,0,0,69.62371052,0,0,0,-28.4,3942.784328,na,163.447769
MEC,mes,ctr,Forbs,TrieEuro,4,0,0,69.62371052,0,0,0,-10.2,3942.784328,na,163.447769
MEC,mes,ctr,Forbs,TrieEuro,5,0,0,69.62371052,0,0,0,-13.4,3942.784328,na,163.447769
MEC,mes,ctr,Forbs,TrieEuro,6,0,0,69.62371052,0,0,0,-5.6,3942.784328,na,163.447769
MEC,mes,ctr,Forbs,TrieEuro,7,0,0,69.62371052,0,0,0,-6,3942.784328,na,163.447769
MEC,mes,ctr,Forbs,TrieEuro,8,0,0,69.62371052,0,0,0,-13.6,3942.784328,na,163.447769
MEC,mes,ctr,Forbs,PotePalu,1,0,0,69.62371052,0,0,0,-9.2,3942.784328,na,163.447769
MEC,mes,ctr,Forbs,PotePalu,2,0.041461538,0,69.62371052,2.886706151,0,2.886706151,-16.4,3942.784328,na,163.447769
MEC,mes,ctr,Forbs,PotePalu,3,0,0,69.62371052,0,0,0,-28.4,3942.784328,na,163.447769
MEC,mes,ctr,Forbs,PotePalu,4,0,0,69.62371052,0,0,0,-10.2,3942.784328,na,163.447769
MEC,mes,ctr,Forbs,PotePalu,5,0.018736264,0,69.62371052,1.304488203,0,1.304488203,-13.4,3942.784328,na,163.447769
MEC,mes,ctr,Forbs,PotePalu,6,0.026363351,0,69.62371052,1.835514348,0,1.835514348,-5.6,3942.784328,na,163.447769
MEC,mes,ctr,Forbs,PotePalu,7,0,0,69.62371052,0,0,0,-6,3942.784328,na,163.447769
MEC,mes,ctr,Forbs,PotePalu,8,0,0,69.62371052,0,0,0,-13.6,3942.784328,na,163.447769
MEC,mes,ctr,Forbs,ViolPalu,1,0,0,32.23218514,0,0,0,-9.2,3942.784328,na,163.447769
MEC,mes,ctr,Forbs,ViolPalu,2,0,0,32.23218514,0,0,0,-16.4,3942.784328,na,163.447769
MEC,mes,ctr,Forbs,ViolPalu,3,0,0,32.23218514,0,0,0,-28.4,3942.784328,na,163.447769
MEC,mes,ctr,Forbs,ViolPalu,4,0,0,32.23218514,0,0,0,-10.2,3942.784328,na,163.447769
MEC,mes,ctr,Forbs,ViolPalu,5,0.02845,0,32.23218514,0.917005667,0,0.917005667,-13.4,3942.784328,na,163.447769
MEC,mes,ctr,Forbs,ViolPalu,6,0.098917503,0,32.23218514,3.188327275,0,3.188327275,-5.6,3942.784328,na,163.447769
MEC,mes,ctr,Forbs,ViolPalu,7,0,0,32.23218514,0,0,0,-6,3942.784328,na,163.447769
MEC,mes,ctr,Forbs,ViolPalu,8,0.02845,0,32.23218514,0.917005667,0,0.917005667,-13.6,3942.784328,na,163.447769
MEC,mes,ctr,Tree seedlings,PinuSylv_S,1,0.03096166,0.009667092,322.7739887,9.99361836,3.120285792,6.873332568,-9.2,3942.784328,na,163.447769
MEC,mes,ctr,Tree seedlings,PinuSylv_S,2,0.068567044,0.037181122,322.7739887,22.1316583,12.0010992,10.1305591,-16.4,3942.784328,na,163.447769
MEC,mes,ctr,Tree seedlings,PinuSylv_S,3,0.450612135,0.14575,322.7739887,145.4458763,47.04430886,98.40156746,-28.4,3942.784328,na,163.447769
MEC,mes,ctr,Tree seedlings,PinuSylv_S,4,0.028723371,0,322.7739887,9.271157151,0,9.271157151,-10.2,3942.784328,na,163.447769
MEC,mes,ctr,Tree seedlings,PinuSylv_S,5,0.01038621,0,322.7739887,3.352398283,0,3.352398283,-13.4,3942.784328,na,163.447769
MEC,mes,ctr,Tree seedlings,PinuSylv_S,6,0,0,322.7739887,0,0,0,-5.6,3942.784328,na,163.447769
MEC,mes,ctr,Tree seedlings,PinuSylv_S,7,0,0,322.7739887,0,0,0,-6,3942.784328,na,163.447769
MEC,mes,ctr,Tree seedlings,PinuSylv_S,8,0,0,322.7739887,0,0,0,-13.6,3942.784328,na,163.447769
MEC,mes,ctr,Tree seedlings,PinuSylv_G,1,0.000806122,0,322.7739887,0.260195358,0,0.260195358,-9.2,3942.784328,na,163.447769
MEC,mes,ctr,Tree seedlings,PinuSylv_G,2,0.000201531,0,322.7739887,0.06504884,0,0.06504884,-16.4,3942.784328,na,163.447769
MEC,mes,ctr,Tree seedlings,PinuSylv_G,3,0.000225789,0,322.7739887,0.072878788,0,0.072878788,-28.4,3942.784328,na,163.447769
MEC,mes,ctr,Tree seedlings,PinuSylv_G,4,0.000403061,0,322.7739887,0.130097679,0,0.130097679,-10.2,3942.784328,na,163.447769
MEC,mes,ctr,Tree seedlings,PinuSylv_G,5,0.000604592,0,322.7739887,0.195146519,0,0.195146519,-13.4,3942.784328,na,163.447769
MEC,mes,ctr,Tree seedlings,PinuSylv_G,6,0,0,322.7739887,0,0,0,-5.6,3942.784328,na,163.447769
MEC,mes,ctr,Tree seedlings,PinuSylv_G,7,0.000806122,0,322.7739887,0.260195358,0,0.260195358,-6,3942.784328,na,163.447769
MEC,mes,ctr,Tree seedlings,PinuSylv_G,8,0,0,322.7739887,0,0,0,-13.6,3942.784328,na,163.447769
MED,mes,dr,Evergreen shrubs,AndrPoli,1,0.004327582,0.001238516,164.4923301,0.711854053,0.203726362,0.508127691,-20.4,3040.412198,2042.074487,391.5619003
MED,mes,dr,Evergreen shrubs,AndrPoli,2,0,0,164.4923301,0,0,0,-22.2,3040.412198,2042.074487,391.5619003
MED,mes,dr,Evergreen shrubs,AndrPoli,3,0,0,164.4923301,0,0,0,-30.4,3040.412198,2042.074487,391.5619003
MED,mes,dr,Evergreen shrubs,AndrPoli,4,0,0,164.4923301,0,0,0,-20.6,3040.412198,2042.074487,391.5619003
MED,mes,dr,Evergreen shrubs,AndrPoli,5,0,0,164.4923301,0,0,0,-21.4,3040.412198,2042.074487,391.5619003
MED,mes,dr,Evergreen shrubs,AndrPoli,6,0,0,164.4923301,0,0,0,-22.4,3040.412198,2042.074487,391.5619003
MED,mes,dr,Evergreen shrubs,AndrPoli,7,0,0,164.4923301,0,0,0,-20.6,3040.412198,2042.074487,391.5619003
MED,mes,dr,Evergreen shrubs,AndrPoli,8,0,0,164.4923301,0,0,0,-19,3040.412198,2042.074487,391.5619003
MED,mes,dr,Evergreen shrubs,EmpeNigr,1,0,0,161.8333333,0,0,0,-20.4,3040.412198,2042.074487,391.5619003
MED,mes,dr,Evergreen shrubs,EmpeNigr,2,0,0,161.8333333,0,0,0,-22.2,3040.412198,2042.074487,391.5619003
MED,mes,dr,Evergreen shrubs,EmpeNigr,3,0.003395308,0.002766446,161.8333333,0.549474063,0.447703195,0.101770868,-30.4,3040.412198,2042.074487,391.5619003
MED,mes,dr,Evergreen shrubs,EmpeNigr,4,0,0,161.8333333,0,0,0,-20.6,3040.412198,2042.074487,391.5619003
MED,mes,dr,Evergreen shrubs,EmpeNigr,5,0,0,161.8333333,0,0,0,-21.4,3040.412198,2042.074487,391.5619003
MED,mes,dr,Evergreen shrubs,EmpeNigr,6,0,0,161.8333333,0,0,0,-22.4,3040.412198,2042.074487,391.5619003
MED,mes,dr,Evergreen shrubs,EmpeNigr,7,0,0,161.8333333,0,0,0,-20.6,3040.412198,2042.074487,391.5619003
MED,mes,dr,Evergreen shrubs,EmpeNigr,8,0,0,161.8333333,0,0,0,-19,3040.412198,2042.074487,391.5619003
MED,mes,dr,Evergreen shrubs,VaccOxyc,1,0.057630931,0.0085187,87.95628169,5.069002394,0.749273217,4.319729177,-20.4,3040.412198,2042.074487,391.5619003
MED,mes,dr,Evergreen shrubs,VaccOxyc,2,0.075684488,0.011471292,87.95628169,6.656926116,1.008972163,5.647953954,-22.2,3040.412198,2042.074487,391.5619003
MED,mes,dr,Evergreen shrubs,VaccOxyc,3,0.020377213,0.003470582,87.95628169,1.792303924,0.305259459,1.487044465,-30.4,3040.412198,2042.074487,391.5619003
MED,mes,dr,Evergreen shrubs,VaccOxyc,4,0,0,87.95628169,0,0,0,-20.6,3040.412198,2042.074487,391.5619003
MED,mes,dr,Evergreen shrubs,VaccOxyc,5,0.027776231,0.005679134,87.95628169,2.443093969,0.499515478,1.943578491,-21.4,3040.412198,2042.074487,391.5619003
MED,mes,dr,Evergreen shrubs,VaccOxyc,6,0,0,87.95628169,0,0,0,-22.4,3040.412198,2042.074487,391.5619003
MED,mes,dr,Evergreen shrubs,VaccOxyc,7,0,0,87.95628169,0,0,0,-20.6,3040.412198,2042.074487,391.5619003
MED,mes,dr,Evergreen shrubs,VaccOxyc,8,0.017696339,0.004732611,87.95628169,1.556504137,0.416262898,1.140241239,-19,3040.412198,2042.074487,391.5619003
MED,mes,dr,Tree seedlings,BetuPube,1,0,0,62.0641707,0,0,0,-20.4,3040.412198,2042.074487,391.5619003
MED,mes,dr,Tree seedlings,BetuPube,2,0,0,62.0641707,0,0,0,-22.2,3040.412198,2042.074487,391.5619003
MED,mes,dr,Tree seedlings,BetuPube,3,0,0,62.0641707,0,0,0,-30.4,3040.412198,2042.074487,391.5619003
MED,mes,dr,Tree seedlings,BetuPube,4,0,0,62.0641707,0,0,0,-20.6,3040.412198,2042.074487,391.5619003
MED,mes,dr,Tree seedlings,BetuPube,5,0.17307176,0,62.0641707,10.74155524,0,10.74155524,-21.4,3040.412198,2042.074487,391.5619003
MED,mes,dr,Tree seedlings,BetuPube,6,0,0,62.0641707,0,0,0,-22.4,3040.412198,2042.074487,391.5619003
MED,mes,dr,Tree seedlings,BetuPube,7,0,0,62.0641707,0,0,0,-20.6,3040.412198,2042.074487,391.5619003
MED,mes,dr,Tree seedlings,BetuPube,8,0,0,62.0641707,0,0,0,-19,3040.412198,2042.074487,391.5619003
MED,mes,dr,Graminoids,Agrostis,1,0,0,69.72478478,0,0,0,-20.4,3040.412198,2042.074487,391.5619003
MED,mes,dr,Graminoids,Agrostis,2,0,0,69.72478478,0,0,0,-22.2,3040.412198,2042.074487,391.5619003
MED,mes,dr,Graminoids,Agrostis,3,0.089749317,0,69.72478478,6.257751785,0,6.257751785,-30.4,3040.412198,2042.074487,391.5619003
MED,mes,dr,Graminoids,Agrostis,4,0,0,69.72478478,0,0,0,-20.6,3040.412198,2042.074487,391.5619003
MED,mes,dr,Graminoids,Agrostis,5,0.012465183,0,69.72478478,0.869132192,0,0.869132192,-21.4,3040.412198,2042.074487,391.5619003
MED,mes,dr,Graminoids,Agrostis,6,0.034902512,0,69.72478478,2.433570139,0,2.433570139,-22.4,3040.412198,2042.074487,391.5619003
MED,mes,dr,Graminoids,Agrostis,7,1.983801752,0.019703399,69.72478478,138.3201502,1.373815227,136.946335,-20.6,3040.412198,2042.074487,391.5619003
MED,mes,dr,Graminoids,Agrostis,8,0.016204738,0,69.72478478,1.12987185,0,1.12987185,-19,3040.412198,2042.074487,391.5619003
MED,mes,dr,Graminoids,Calamagrostis,1,0,0,105.8877306,0,0,0,-20.4,3040.412198,2042.074487,391.5619003
MED,mes,dr,Graminoids,Calamagrostis,2,0,0,105.8877306,0,0,0,-22.2,3040.412198,2042.074487,391.5619003
MED,mes,dr,Graminoids,Calamagrostis,3,0,0,105.8877306,0,0,0,-30.4,3040.412198,2042.074487,391.5619003
MED,mes,dr,Graminoids,Calamagrostis,4,0.086368155,0,105.8877306,9.14532797,0,9.14532797,-20.6,3040.412198,2042.074487,391.5619003
MED,mes,dr,Graminoids,Calamagrostis,5,0,0,105.8877306,0,0,0,-21.4,3040.412198,2042.074487,391.5619003
MED,mes,dr,Graminoids,Calamagrostis,6,0,0,105.8877306,0,0,0,-22.4,3040.412198,2042.074487,391.5619003
MED,mes,dr,Graminoids,Calamagrostis,7,0.017655603,0,105.8877306,1.869511762,0,1.869511762,-20.6,3040.412198,2042.074487,391.5619003
MED,mes,dr,Graminoids,Calamagrostis,8,0,0,105.8877306,0,0,0,-19,3040.412198,2042.074487,391.5619003
MED,mes,dr,Graminoids,CareCane,1,0.01085862,0,105.8877306,1.149794674,0,1.149794674,-20.4,3040.412198,2042.074487,391.5619003
MED,mes,dr,Graminoids,CareCane,2,0.019162271,0,105.8877306,2.029049424,0,2.029049424,-22.2,3040.412198,2042.074487,391.5619003
MED,mes,dr,Graminoids,CareCane,3,0,0,105.8877306,0,0,0,-30.4,3040.412198,2042.074487,391.5619003
MED,mes,dr,Graminoids,CareCane,4,0.042795739,0,105.8877306,4.531543714,0,4.531543714,-20.6,3040.412198,2042.074487,391.5619003
MED,mes,dr,Graminoids,CareCane,5,0.028743407,0,105.8877306,3.043574136,0,3.043574136,-21.4,3040.412198,2042.074487,391.5619003
MED,mes,dr,Graminoids,CareCane,6,0.040879512,0,105.8877306,4.328638772,0,4.328638772,-22.4,3040.412198,2042.074487,391.5619003
MED,mes,dr,Graminoids,CareCane,7,0.02427221,0,105.8877306,2.570129271,0,2.570129271,-20.6,3040.412198,2042.074487,391.5619003
MED,mes,dr,Graminoids,CareCane,8,0.019162271,0,105.8877306,2.029049424,0,2.029049424,-19,3040.412198,2042.074487,391.5619003
MED,mes,dr,Graminoids,CareChor,1,0.009684823,0,148.6032254,1.439195997,0,1.439195997,-20.4,3040.412198,2042.074487,391.5619003
MED,mes,dr,Graminoids,CareChor,2,0.012626847,0,148.6032254,1.876390181,0,1.876390181,-22.2,3040.412198,2042.074487,391.5619003
MED,mes,dr,Graminoids,CareChor,3,0.031125043,0.002067656,148.6032254,4.625281801,0.307260307,4.318021494,-30.4,3040.412198,2042.074487,391.5619003
MED,mes,dr,Graminoids,CareChor,4,0.029594072,0.014887121,148.6032254,4.397774557,2.212274212,2.185500345,-20.6,3040.412198,2042.074487,391.5619003
MED,mes,dr,Graminoids,CareChor,5,0.020958331,0,148.6032254,3.114475541,0,3.114475541,-21.4,3040.412198,2042.074487,391.5619003
MED,mes,dr,Graminoids,CareChor,6,0.008684154,0,148.6032254,1.29049329,0,1.29049329,-22.4,3040.412198,2042.074487,391.5619003
MED,mes,dr,Graminoids,CareChor,7,0.062518291,0,148.6032254,9.290419678,0,9.290419678,-20.6,3040.412198,2042.074487,391.5619003
MED,mes,dr,Graminoids,CareChor,8,0.051876648,0.000413531,148.6032254,7.70903722,0.061452061,7.647585158,-19,3040.412198,2042.074487,391.5619003
MED,mes,dr,Graminoids,CareEchi,1,0.20112103,0,148.6032254,29.88723381,0,29.88723381,-20.4,3040.412198,2042.074487,391.5619003
MED,mes,dr,Graminoids,CareEchi,2,0.295108986,0,148.6032254,43.85414723,0,43.85414723,-22.2,3040.412198,2042.074487,391.5619003
MED,mes,dr,Graminoids,CareEchi,3,0.010561196,0,148.6032254,1.569427772,0,1.569427772,-30.4,3040.412198,2042.074487,391.5619003
MED,mes,dr,Graminoids,CareEchi,4,0.469650378,0,148.6032254,69.79156102,0,69.79156102,-20.6,3040.412198,2042.074487,391.5619003
MED,mes,dr,Graminoids,CareEchi,5,0.354198939,0,148.6032254,52.63510474,0,52.63510474,-21.4,3040.412198,2042.074487,391.5619003
MED,mes,dr,Graminoids,CareEchi,6,0.376103749,0,148.6032254,55.89023022,0,55.89023022,-22.4,3040.412198,2042.074487,391.5619003
MED,mes,dr,Graminoids,CareEchi,7,0.244464458,0,148.6032254,36.32820699,0,36.32820699,-20.6,3040.412198,2042.074487,391.5619003
MED,mes,dr,Graminoids,CareEchi,8,0.202276568,0,148.6032254,30.05895049,0,30.05895049,-19,3040.412198,2042.074487,391.5619003
MED,mes,dr,Graminoids,CareLasi,1,0.044563422,0,159.4463035,7.105472864,0,7.105472864,-20.4,3040.412198,2042.074487,391.5619003
MED,mes,dr,Graminoids,CareLasi,2,0,0,159.4463035,0,0,0,-22.2,3040.412198,2042.074487,391.5619003
MED,mes,dr,Graminoids,CareLasi,3,0.019098609,0,159.4463035,3.045202656,0,3.045202656,-30.4,3040.412198,2042.074487,391.5619003
MED,mes,dr,Graminoids,CareLasi,4,0,0,159.4463035,0,0,0,-20.6,3040.412198,2042.074487,391.5619003
MED,mes,dr,Graminoids,CareLasi,5,0.028647914,0,159.4463035,4.567803984,0,4.567803984,-21.4,3040.412198,2042.074487,391.5619003
MED,mes,dr,Graminoids,CareLasi,6,0,0,159.4463035,0,0,0,-22.4,3040.412198,2042.074487,391.5619003
MED,mes,dr,Graminoids,CareLasi,7,0,0,159.4463035,0,0,0,-20.6,3040.412198,2042.074487,391.5619003
MED,mes,dr,Graminoids,CareLasi,8,0.035014117,0.006366203,159.4463035,5.582871536,1.015067552,4.567803984,-19,3040.412198,2042.074487,391.5619003
MED,mes,dr,Graminoids,CareLivi,1,0,0,148.6032254,0,0,0,-20.4,3040.412198,2042.074487,391.5619003
MED,mes,dr,Graminoids,CareLivi,2,0.003678251,0,148.6032254,0.546599915,0,0.546599915,-22.2,3040.412198,2042.074487,391.5619003
MED,mes,dr,Graminoids,CareLivi,3,0,0,148.6032254,0,0,0,-30.4,3040.412198,2042.074487,391.5619003
MED,mes,dr,Graminoids,CareLivi,4,0,0,148.6032254,0,0,0,-20.6,3040.412198,2042.074487,391.5619003
MED,mes,dr,Graminoids,CareLivi,5,0,0,148.6032254,0,0,0,-21.4,3040.412198,2042.074487,391.5619003
MED,mes,dr,Graminoids,CareLivi,6,0,0,148.6032254,0,0,0,-22.4,3040.412198,2042.074487,391.5619003
MED,mes,dr,Graminoids,CareLivi,7,0,0,148.6032254,0,0,0,-20.6,3040.412198,2042.074487,391.5619003
MED,mes,dr,Graminoids,CareLivi,8,0,0,148.6032254,0,0,0,-19,3040.412198,2042.074487,391.5619003
MED,mes,dr,Graminoids,CareMage,1,0,0,105.8877306,0,0,0,-20.4,3040.412198,2042.074487,391.5619003
MED,mes,dr,Graminoids,CareMage,2,0,0,105.8877306,0,0,0,-22.2,3040.412198,2042.074487,391.5619003
MED,mes,dr,Graminoids,CareMage,3,0,0,105.8877306,0,0,0,-30.4,3040.412198,2042.074487,391.5619003
MED,mes,dr,Graminoids,CareMage,4,0,0,105.8877306,0,0,0,-20.6,3040.412198,2042.074487,391.5619003
MED,mes,dr,Graminoids,CareMage,5,0,0,105.8877306,0,0,0,-21.4,3040.412198,2042.074487,391.5619003
MED,mes,dr,Graminoids,CareMage,6,0,0,105.8877306,0,0,0,-22.4,3040.412198,2042.074487,391.5619003
MED,mes,dr,Graminoids,CareMage,7,0,0,105.8877306,0,0,0,-20.6,3040.412198,2042.074487,391.5619003
MED,mes,dr,Graminoids,CareMage,8,0,0,105.8877306,0,0,0,-19,3040.412198,2042.074487,391.5619003
MED,mes,dr,Graminoids,CarePauc,1,0.055513291,0.001980597,148.6032254,8.249454101,0.294323031,7.95513107,-20.4,3040.412198,2042.074487,391.5619003
MED,mes,dr,Graminoids,CarePauc,2,0.063367683,0,148.6032254,9.416642151,0,9.416642151,-22.2,3040.412198,2042.074487,391.5619003
MED,mes,dr,Graminoids,CarePauc,3,0.013878323,0.000396119,148.6032254,2.062363525,0.058864606,2.003498919,-30.4,3040.412198,2042.074487,391.5619003
MED,mes,dr,Graminoids,CarePauc,4,0.101774367,0.000990298,148.6032254,15.12399918,0.147161516,14.97683767,-20.6,3040.412198,2042.074487,391.5619003
MED,mes,dr,Graminoids,CarePauc,5,0,0,148.6032254,0,0,0,-21.4,3040.412198,2042.074487,391.5619003
MED,mes,dr,Graminoids,CarePauc,6,0.015420359,0,148.6032254,2.291515028,0,2.291515028,-22.4,3040.412198,2042.074487,391.5619003
MED,mes,dr,Graminoids,CarePauc,7,0,0,148.6032254,0,0,0,-20.6,3040.412198,2042.074487,391.5619003
MED,mes,dr,Graminoids,CarePauc,8,0.002970895,0,148.6032254,0.441484547,0,0.441484547,-19,3040.412198,2042.074487,391.5619003
MED,mes,dr,Graminoids,CareRost,1,0.023686318,0,105.8877306,2.508090413,0,2.508090413,-20.4,3040.412198,2042.074487,391.5619003
MED,mes,dr,Graminoids,CareRost,2,0.035529476,0.008532201,105.8877306,3.76213562,0.903455435,2.858680185,-22.2,3040.412198,2042.074487,391.5619003
MED,mes,dr,Graminoids,CareRost,3,0,0,105.8877306,0,0,0,-30.4,3040.412198,2042.074487,391.5619003
MED,mes,dr,Graminoids,CareRost,4,0,0,105.8877306,0,0,0,-20.6,3040.412198,2042.074487,391.5619003
MED,mes,dr,Graminoids,CareRost,5,0.008882369,0,105.8877306,0.940533905,0,0.940533905,-21.4,3040.412198,2042.074487,391.5619003
MED,mes,dr,Graminoids,CareRost,6,0,0,105.8877306,0,0,0,-22.4,3040.412198,2042.074487,391.5619003
MED,mes,dr,Graminoids,CareRost,7,0,0,105.8877306,0,0,0,-20.6,3040.412198,2042.074487,391.5619003
MED,mes,dr,Graminoids,CareRost,8,0,0,105.8877306,0,0,0,-19,3040.412198,2042.074487,391.5619003
MED,mes,dr,Graminoids,ErioAngu,1,0.054415994,0,105.8877306,5.761986123,0,5.761986123,-20.4,3040.412198,2042.074487,391.5619003
MED,mes,dr,Graminoids,ErioAngu,2,0.088790142,0,105.8877306,9.401786635,0,9.401786635,-22.2,3040.412198,2042.074487,391.5619003
MED,mes,dr,Graminoids,ErioAngu,3,0.036052526,0,105.8877306,3.817520118,0,3.817520118,-30.4,3040.412198,2042.074487,391.5619003
MED,mes,dr,Graminoids,ErioAngu,4,0,0,105.8877306,0,0,0,-20.6,3040.412198,2042.074487,391.5619003
MED,mes,dr,Graminoids,ErioAngu,5,0,0,105.8877306,0,0,0,-21.4,3040.412198,2042.074487,391.5619003
MED,mes,dr,Graminoids,ErioAngu,6,0,0,105.8877306,0,0,0,-22.4,3040.412198,2042.074487,391.5619003
MED,mes,dr,Graminoids,ErioAngu,7,0,0,105.8877306,0,0,0,-20.6,3040.412198,2042.074487,391.5619003
MED,mes,dr,Graminoids,ErioAngu,8,0,0,105.8877306,0,0,0,-19,3040.412198,2042.074487,391.5619003
MED,mes,dr,Graminoids,ErioVagi,1,0,0,105.8877306,0,0,0,-20.4,3040.412198,2042.074487,391.5619003
MED,mes,dr,Graminoids,ErioVagi,2,0,0,138.11422,0,0,0,-22.2,3040.412198,2042.074487,391.5619003
MED,mes,dr,Graminoids,ErioVagi,3,0.04274677,0,138.11422,5.903936846,0,5.903936846,-30.4,3040.412198,2042.074487,391.5619003
MED,mes,dr,Graminoids,ErioVagi,4,0,0,138.11422,0,0,0,-20.6,3040.412198,2042.074487,391.5619003
MED,mes,dr,Graminoids,ErioVagi,5,0,0,138.11422,0,0,0,-21.4,3040.412198,2042.074487,391.5619003
MED,mes,dr,Graminoids,ErioVagi,6,0,0,138.11422,0,0,0,-22.4,3040.412198,2042.074487,391.5619003
MED,mes,dr,Graminoids,ErioVagi,7,0,0,138.11422,0,0,0,-20.6,3040.412198,2042.074487,391.5619003
MED,mes,dr,Graminoids,ErioVagi,8,0,0,138.11422,0,0,0,-19,3040.412198,2042.074487,391.5619003
MED,mes,dr,Forbs,CirsPalu,1,0,0,69.62371052,0,0,0,-20.4,3040.412198,2042.074487,391.5619003
MED,mes,dr,Forbs,CirsPalu,2,0,0,69.62371052,0,0,0,-22.2,3040.412198,2042.074487,391.5619003
MED,mes,dr,Forbs,CirsPalu,3,0,0,69.62371052,0,0,0,-30.4,3040.412198,2042.074487,391.5619003
MED,mes,dr,Forbs,CirsPalu,4,0,0,69.62371052,0,0,0,-20.6,3040.412198,2042.074487,391.5619003
MED,mes,dr,Forbs,CirsPalu,5,0,0,69.62371052,0,0,0,-21.4,3040.412198,2042.074487,391.5619003
MED,mes,dr,Forbs,CirsPalu,6,0,0,69.62371052,0,0,0,-22.4,3040.412198,2042.074487,391.5619003
MED,mes,dr,Forbs,CirsPalu,7,0,0,69.62371052,0,0,0,-20.6,3040.412198,2042.074487,391.5619003
MED,mes,dr,Forbs,CirsPalu,8,0.160840606,0.018860129,69.62371052,11.19831976,1.313112184,9.885207579,-19,3040.412198,2042.074487,391.5619003
MED,mes,dr,Forbs,DrosRotu,1,0,0,39.31034483,0,0,0,-20.4,3040.412198,2042.074487,391.5619003
MED,mes,dr,Forbs,DrosRotu,2,0,0,39.31034483,0,0,0,-22.2,3040.412198,2042.074487,391.5619003
MED,mes,dr,Forbs,DrosRotu,3,0,0,39.31034483,0,0,0,-30.4,3040.412198,2042.074487,391.5619003
MED,mes,dr,Forbs,DrosRotu,4,0,0,39.31034483,0,0,0,-20.6,3040.412198,2042.074487,391.5619003
MED,mes,dr,Forbs,DrosRotu,5,0,0,39.31034483,0,0,0,-21.4,3040.412198,2042.074487,391.5619003
MED,mes,dr,Forbs,DrosRotu,6,0.004256262,0,39.31034483,0.167315107,0,0.167315107,-22.4,3040.412198,2042.074487,391.5619003
MED,mes,dr,Forbs,DrosRotu,7,0.00236459,0,39.31034483,0.092952837,0,0.092952837,-20.6,3040.412198,2042.074487,391.5619003
MED,mes,dr,Forbs,DrosRotu,8,0.00236459,0,39.31034483,0.092952837,0,0.092952837,-19,3040.412198,2042.074487,391.5619003
MED,mes,dr,Forbs,Melampyrum,1,0.006957053,0,69.62371052,0.484375867,0,0.484375867,-20.4,3040.412198,2042.074487,391.5619003
MED,mes,dr,Forbs,Melampyrum,2,0,0,69.62371052,0,0,0,-22.2,3040.412198,2042.074487,391.5619003
MED,mes,dr,Forbs,Melampyrum,3,0,0,69.62371052,0,0,0,-30.4,3040.412198,2042.074487,391.5619003
MED,mes,dr,Forbs,Melampyrum,4,0,0,69.62371052,0,0,0,-20.6,3040.412198,2042.074487,391.5619003
MED,mes,dr,Forbs,Melampyrum,5,0,0,69.62371052,0,0,0,-21.4,3040.412198,2042.074487,391.5619003
MED,mes,dr,Forbs,Melampyrum,6,0,0,69.62371052,0,0,0,-22.4,3040.412198,2042.074487,391.5619003
MED,mes,dr,Forbs,Melampyrum,7,0,0,69.62371052,0,0,0,-20.6,3040.412198,2042.074487,391.5619003
MED,mes,dr,Forbs,Melampyrum,8,0,0,69.62371052,0,0,0,-19,3040.412198,2042.074487,391.5619003
MED,mes,dr,Forbs,TrieEuro,1,0,0,69.62371052,0,0,0,-20.4,3040.412198,2042.074487,391.5619003
MED,mes,dr,Forbs,TrieEuro,2,0,0,69.62371052,0,0,0,-22.2,3040.412198,2042.074487,391.5619003
MED,mes,dr,Forbs,TrieEuro,3,0,0,69.62371052,0,0,0,-30.4,3040.412198,2042.074487,391.5619003
MED,mes,dr,Forbs,TrieEuro,4,0.087312476,0,69.62371052,6.079018521,0,6.079018521,-20.6,3040.412198,2042.074487,391.5619003
MED,mes,dr,Forbs,TrieEuro,5,0,0,69.62371052,0,0,0,-21.4,3040.412198,2042.074487,391.5619003
MED,mes,dr,Forbs,TrieEuro,6,0.09402882,0,69.62371052,6.54663533,0,6.54663533,-22.4,3040.412198,2042.074487,391.5619003
MED,mes,dr,Forbs,TrieEuro,7,0.144401402,0,69.62371052,10.0537614,0,10.0537614,-20.6,3040.412198,2042.074487,391.5619003
MED,mes,dr,Forbs,TrieEuro,8,0.097386992,0,69.62371052,6.780443735,0,6.780443735,-19,3040.412198,2042.074487,391.5619003
MED,mes,dr,Forbs,ViolPalu,1,0,0,32.80297949,0,0,0,-20.4,3040.412198,2042.074487,391.5619003
MED,mes,dr,Forbs,ViolPalu,2,0,0,32.80297949,0,0,0,-22.2,3040.412198,2042.074487,391.5619003
MED,mes,dr,Forbs,ViolPalu,3,0,0,32.80297949,0,0,0,-30.4,3040.412198,2042.074487,391.5619003
MED,mes,dr,Forbs,ViolPalu,4,0,0,32.80297949,0,0,0,-20.6,3040.412198,2042.074487,391.5619003
MED,mes,dr,Forbs,ViolPalu,5,0.012879593,0,32.80297949,0.422489038,0,0.422489038,-21.4,3040.412198,2042.074487,391.5619003
MED,mes,dr,Forbs,ViolPalu,6,0,0,32.80297949,0,0,0,-22.4,3040.412198,2042.074487,391.5619003
MED,mes,dr,Forbs,ViolPalu,7,0.043497997,0,32.80297949,1.426863905,0,1.426863905,-20.6,3040.412198,2042.074487,391.5619003
MED,mes,dr,Forbs,ViolPalu,8,0.164679594,0,32.80297949,5.40198133,0,5.40198133,-19,3040.412198,2042.074487,391.5619003
MED,mes,dr,Tree seedlings,PinuSylv_S,1,0.029808749,0.009226184,198.2584926,5.909837702,1.829169427,4.080668275,-20.4,3040.412198,2042.074487,391.5619003
MED,mes,dr,Tree seedlings,PinuSylv_S,2,0.078247967,0.023065461,198.2584926,15.51332397,4.572923567,10.9404004,-22.2,3040.412198,2042.074487,391.5619003
MED,mes,dr,Tree seedlings,PinuSylv_S,3,0,0,198.2584926,0,0,0,-30.4,3040.412198,2042.074487,391.5619003
MED,mes,dr,Tree seedlings,PinuSylv_S,4,0.029808749,0.009226184,198.2584926,5.909837702,1.829169427,4.080668275,-20.6,3040.412198,2042.074487,391.5619003
MED,mes,dr,Tree seedlings,PinuSylv_S,5,0,0,198.2584926,0,0,0,-21.4,3040.412198,2042.074487,391.5619003
MED,mes,dr,Tree seedlings,PinuSylv_S,6,0,0,198.2584926,0,0,0,-22.4,3040.412198,2042.074487,391.5619003
MED,mes,dr,Tree seedlings,PinuSylv_S,7,0,0,198.2584926,0,0,0,-20.6,3040.412198,2042.074487,391.5619003
MED,mes,dr,Tree seedlings,PinuSylv_S,8,0,0,198.2584926,0,0,0,-19,3040.412198,2042.074487,391.5619003
MED,mes,dr,Tree seedlings,PinuSylv_G,1,0.001160064,0,198.2584926,0.229992476,0,0.229992476,-20.4,3040.412198,2042.074487,391.5619003
MED,mes,dr,Tree seedlings,PinuSylv_G,2,0.004640255,0,198.2584926,0.919969903,0,0.919969903,-22.2,3040.412198,2042.074487,391.5619003
MED,mes,dr,Tree seedlings,PinuSylv_G,3,0.001160064,0,198.2584926,0.229992476,0,0.229992476,-30.4,3040.412198,2042.074487,391.5619003
MED,mes,dr,Tree seedlings,PinuSylv_G,4,0.002631364,0,198.2584926,0.52169025,0,0.52169025,-20.6,3040.412198,2042.074487,391.5619003
MED,mes,dr,Tree seedlings,PinuSylv_G,5,0.001160064,0,198.2584926,0.229992476,0,0.229992476,-21.4,3040.412198,2042.074487,391.5619003
MED,mes,dr,Tree seedlings,PinuSylv_G,6,0.001160064,0,198.2584926,0.229992476,0,0.229992476,-22.4,3040.412198,2042.074487,391.5619003
MED,mes,dr,Tree seedlings,PinuSylv_G,7,0,0,198.2584926,0,0,0,-20.6,3040.412198,2042.074487,391.5619003
MED,mes,dr,Tree seedlings,PinuSylv_G,8,0.001754243,0,198.2584926,0.3477935,0,0.3477935,-19,3040.412198,2042.074487,391.5619003
OLC,oli,ctr,Evergreen shrubs,AndrPoli,1,0.092336861,0.086082332,216.6729509,20.00690017,18.65171283,1.355187341,-15.6,-241.2752283,na,90.32996055
OLC,oli,ctr,Evergreen shrubs,AndrPoli,2,0.04193723,0.024163462,216.6729509,9.08666344,5.235568514,3.851094926,-9.4,-241.2752283,na,90.32996055
OLC,oli,ctr,Evergreen shrubs,AndrPoli,3,0.044430369,0.024163462,216.6729509,9.626859217,5.235568514,4.391290703,-11.8,-241.2752283,na,90.32996055
OLC,oli,ctr,Evergreen shrubs,AndrPoli,4,0.02275337,0.012081731,216.6729509,4.930039782,2.617784257,2.312255525,-15,-241.2752283,na,90.32996055
OLC,oli,ctr,Evergreen shrubs,AndrPoli,5,0.070785471,0.06870122,216.6729509,15.33729691,14.88569596,0.451600951,-14,-241.2752283,na,90.32996055
OLC,oli,ctr,Evergreen shrubs,AndrPoli,6,0.114399599,0.102694712,216.6729509,24.78729878,22.25116619,2.536132591,-11.8,-241.2752283,na,90.32996055
OLC,oli,ctr,Evergreen shrubs,AndrPoli,7,0.152107558,0.122327524,216.6729509,32.95759347,26.5050656,6.452527865,-12.6,-241.2752283,na,90.32996055
OLC,oli,ctr,Evergreen shrubs,AndrPoli,8,0.017370724,0,216.6729509,3.76376592,0,3.76376592,-11.6,-241.2752283,na,90.32996055
OLC,oli,ctr,Evergreen shrubs,AndrPoli,9,0.094038963,0.049837139,216.6729509,20.37569966,10.79836006,9.577339596,-16.4,-241.2752283,na,90.32996055
OLC,oli,ctr,Evergreen shrubs,VaccOxyc,1,0.043589672,0.02891625,127.119178,5.541083227,3.675809931,1.865273296,-15.6,-241.2752283,na,90.32996055
OLC,oli,ctr,Evergreen shrubs,VaccOxyc,2,0.111944814,0.047624016,127.119178,14.23033272,6.053925762,8.176406954,-9.4,-241.2752283,na,90.32996055
OLC,oli,ctr,Evergreen shrubs,VaccOxyc,3,0.033384541,0.02365875,127.119178,4.24381535,3.007480853,1.236334498,-11.8,-241.2752283,na,90.32996055
OLC,oli,ctr,Evergreen shrubs,VaccOxyc,4,0.047025,0.022990904,127.119178,5.977779345,2.92258485,3.055194495,-15,-241.2752283,na,90.32996055
OLC,oli,ctr,Evergreen shrubs,VaccOxyc,5,0.083575725,0.03943125,127.119178,10.6240774,5.012468088,5.611609312,-14,-241.2752283,na,90.32996055
OLC,oli,ctr,Evergreen shrubs,VaccOxyc,6,0.055843545,0.038555,127.119178,7.098785531,4.901079908,2.197705623,-11.8,-241.2752283,na,90.32996055
OLC,oli,ctr,Evergreen shrubs,VaccOxyc,7,0.122656862,0.097711343,127.119178,15.59203942,12.42098561,3.171053806,-12.6,-241.2752283,na,90.32996055
OLC,oli,ctr,Evergreen shrubs,VaccOxyc,8,0.159929711,0.09551125,127.119178,20.33013343,12.14131159,8.188821845,-11.6,-241.2752283,na,90.32996055
OLC,oli,ctr,Evergreen shrubs,VaccOxyc,9,0.089775,0.052140086,127.119178,11.41212421,6.628004929,4.784119276,-16.4,-241.2752283,na,90.32996055
OLC,oli,ctr,Deciduous shrubs,BetuNana,1,0.14642339,0,94.48416256,13.83469143,0,13.83469143,-15.6,-241.2752283,na,90.32996055
OLC,oli,ctr,Deciduous shrubs,BetuNana,2,0.06294575,0,94.48416256,5.947376452,0,5.947376452,-9.4,-241.2752283,na,90.32996055
OLC,oli,ctr,Deciduous shrubs,BetuNana,3,0.076640547,0,94.48416256,7.241317868,0,7.241317868,-11.8,-241.2752283,na,90.32996055
OLC,oli,ctr,Deciduous shrubs,BetuNana,4,0.059862263,0,94.48416256,5.656035804,0,5.656035804,-15,-241.2752283,na,90.32996055
OLC,oli,ctr,Deciduous shrubs,BetuNana,5,0.259757059,0,94.48416256,24.54292822,0,24.54292822,-14,-241.2752283,na,90.32996055
OLC,oli,ctr,Deciduous shrubs,BetuNana,6,0.165953629,0,94.48416256,15.67998964,0,15.67998964,-11.8,-241.2752283,na,90.32996055
OLC,oli,ctr,Deciduous shrubs,BetuNana,7,0.203334358,0,94.48416256,19.21187658,0,19.21187658,-12.6,-241.2752283,na,90.32996055
OLC,oli,ctr,Deciduous shrubs,BetuNana,8,0.325206603,0,94.48416256,30.72687355,0,30.72687355,-11.6,-241.2752283,na,90.32996055
OLC,oli,ctr,Deciduous shrubs,BetuNana,9,0.290338709,0,94.48416256,27.4324098,0,27.4324098,-16.4,-241.2752283,na,90.32996055
OLC,oli,ctr,Graminoids,CareLasi,1,0.142130894,0.013642857,207.8108636,29.53634373,2.835133925,26.7012098,-15.6,-241.2752283,na,90.32996055
OLC,oli,ctr,Graminoids,CareLasi,2,0.22522098,0.022169643,207.8108636,46.80336629,4.607092628,42.19627366,-9.4,-241.2752283,na,90.32996055
OLC,oli,ctr,Graminoids,CareLasi,3,0.400775291,0.020464286,207.8108636,83.2854594,4.252700888,79.03275851,-11.8,-241.2752283,na,90.32996055
OLC,oli,ctr,Graminoids,CareLasi,4,0.133002616,0.020464286,207.8108636,27.63938843,4.252700888,23.38668754,-15,-241.2752283,na,90.32996055
OLC,oli,ctr,Graminoids,CareLasi,5,0.047775,0,207.8108636,9.92816401,0,9.92816401,-14,-241.2752283,na,90.32996055
OLC,oli,ctr,Graminoids,CareLasi,6,0.041058887,0,207.8108636,8.532482757,0,8.532482757,-11.8,-241.2752283,na,90.32996055
OLC,oli,ctr,Graminoids,CareLasi,7,0.173090759,0.008526786,207.8108636,35.97014021,1.771958703,34.19818151,-12.6,-241.2752283,na,90.32996055
OLC,oli,ctr,Graminoids,CareLasi,8,0.183271199,0.001705357,207.8108636,38.08574605,0.354391741,37.73135431,-11.6,-241.2752283,na,90.32996055
OLC,oli,ctr,Graminoids,CareLasi,9,0.230562456,0.006821429,207.8108636,47.91338313,1.417566963,46.49581617,-16.4,-241.2752283,na,90.32996055
OLC,oli,ctr,Graminoids,CarePauc,1,0.0007575,0,148.6032254,0.112566943,0,0.112566943,-15.6,-241.2752283,na,90.32996055
OLC,oli,ctr,Graminoids,CarePauc,2,0.00109375,0,148.6032254,0.162534778,0,0.162534778,-9.4,-241.2752283,na,90.32996055
OLC,oli,ctr,Graminoids,CarePauc,3,0,0,148.6032254,0,0,0,-11.8,-241.2752283,na,90.32996055
OLC,oli,ctr,Graminoids,CarePauc,4,0.00113625,0,148.6032254,0.168850415,0,0.168850415,-15,-241.2752283,na,90.32996055
OLC,oli,ctr,Graminoids,CarePauc,5,0,0,148.6032254,0,0,0,-14,-241.2752283,na,90.32996055
OLC,oli,ctr,Graminoids,CarePauc,6,0.00328125,0,148.6032254,0.487604333,0,0.487604333,-11.8,-241.2752283,na,90.32996055
OLC,oli,ctr,Graminoids,CarePauc,7,0.0021875,0,148.6032254,0.325069556,0,0.325069556,-12.6,-241.2752283,na,90.32996055
OLC,oli,ctr,Graminoids,CarePauc,8,0,0,148.6032254,0,0,0,-11.6,-241.2752283,na,90.32996055
OLC,oli,ctr,Graminoids,CarePauc,9,0,0,148.6032254,0,0,0,-16.4,-241.2752283,na,90.32996055
OLC,oli,ctr,Graminoids,CareRost,1,0.04194375,0,105.8877306,4.441328499,0,4.441328499,-15.6,-241.2752283,na,90.32996055
OLC,oli,ctr,Graminoids,CareRost,2,0.0444375,0,105.8877306,4.705386028,0,4.705386028,-9.4,-241.2752283,na,90.32996055
OLC,oli,ctr,Graminoids,CareRost,3,0.205625,0,105.8877306,21.7731646,0,21.7731646,-11.8,-241.2752283,na,90.32996055
OLC,oli,ctr,Graminoids,CareRost,4,0,0,105.8877306,0,0,0,-15,-241.2752283,na,90.32996055
OLC,oli,ctr,Graminoids,CareRost,5,0.015817308,0,105.8877306,1.674858815,0,1.674858815,-14,-241.2752283,na,90.32996055
OLC,oli,ctr,Graminoids,CareRost,6,0,0,105.8877306,0,0,0,-11.8,-241.2752283,na,90.32996055
OLC,oli,ctr,Graminoids,CareRost,7,0.0007575,0,105.8877306,0.080209956,0,0.080209956,-12.6,-241.2752283,na,90.32996055
OLC,oli,ctr,Graminoids,CareRost,8,0,0,105.8877306,0,0,0,-11.6,-241.2752283,na,90.32996055
OLC,oli,ctr,Graminoids,CareRost,9,0.022596154,0,105.8877306,2.392655451,0,2.392655451,-16.4,-241.2752283,na,90.32996055
OLC,oli,ctr,Graminoids,ErioAngu,1,0.091260417,0,105.8877306,9.663358412,0,9.663358412,-15.6,-241.2752283,na,90.32996055
OLC,oli,ctr,Graminoids,ErioAngu,2,0.078594386,0.012902778,105.8877306,8.322181173,1.366245857,6.955935316,-9.4,-241.2752283,na,90.32996055
OLC,oli,ctr,Graminoids,ErioAngu,3,0,0,105.8877306,0,0,0,-11.8,-241.2752283,na,90.32996055
OLC,oli,ctr,Graminoids,ErioAngu,4,0.091260417,0,105.8877306,9.663358412,0,9.663358412,-15,-241.2752283,na,90.32996055
OLC,oli,ctr,Graminoids,ErioAngu,5,0,0,105.8877306,0,0,0,-14,-241.2752283,na,90.32996055
OLC,oli,ctr,Graminoids,ErioAngu,6,0,0,105.8877306,0,0,0,-11.8,-241.2752283,na,90.32996055
OLC,oli,ctr,Graminoids,ErioAngu,7,0,0,105.8877306,0,0,0,-12.6,-241.2752283,na,90.32996055
OLC,oli,ctr,Graminoids,ErioAngu,8,0.091260417,0,105.8877306,9.663358412,0,9.663358412,-11.6,-241.2752283,na,90.32996055
OLC,oli,ctr,Graminoids,ErioAngu,9,0.04216571,0,105.8877306,4.464831344,0,4.464831344,-16.4,-241.2752283,na,90.32996055
OLC,oli,ctr,Graminoids,ErioVagi,1,0.04205502,0.004660714,221.6607561,9.321947432,1.033097452,8.288849979,-15.6,-241.2752283,na,90.32996055
OLC,oli,ctr,Graminoids,ErioVagi,2,0.042453125,0,221.6607561,9.410191785,0,9.410191785,-9.4,-241.2752283,na,90.32996055
OLC,oli,ctr,Graminoids,ErioVagi,3,0.13896974,0.004660714,221.6607561,30.80413759,1.033097452,29.77104013,-11.8,-241.2752283,na,90.32996055
OLC,oli,ctr,Graminoids,ErioVagi,4,0.212540586,0.029517857,221.6607561,47.11190697,6.542950532,40.56895644,-15,-241.2752283,na,90.32996055
OLC,oli,ctr,Graminoids,ErioVagi,5,0.008415179,0,221.6607561,1.865314845,0,1.865314845,-14,-241.2752283,na,90.32996055
OLC,oli,ctr,Graminoids,ErioVagi,6,0.284534419,0.017089286,221.6607561,63.07011444,3.788023992,59.28209045,-11.8,-241.2752283,na,90.32996055
OLC,oli,ctr,Graminoids,ErioVagi,7,0.126442377,0.031071429,221.6607561,28.02731285,6.887316349,21.1399965,-12.6,-241.2752283,na,90.32996055
OLC,oli,ctr,Graminoids,ErioVagi,8,0.254676724,0.038490525,221.6607561,56.45183511,8.531838825,47.91999629,-11.6,-241.2752283,na,90.32996055
OLC,oli,ctr,Graminoids,ErioVagi,9,0.055471387,0.007767857,221.6607561,12.2958295,1.721829087,10.57400041,-16.4,-241.2752283,na,90.32996055
OLC,oli,ctr,Graminoids,TricCesp,1,0.009401552,0,215.163843,2.022874009,0,2.022874009,-15.6,-241.2752283,na,90.32996055
OLC,oli,ctr,Graminoids,TricCesp,2,0.324192635,0,215.163843,69.75453316,0,69.75453316,-9.4,-241.2752283,na,90.32996055
OLC,oli,ctr,Graminoids,TricCesp,3,0.140125,0,215.163843,30.1498335,0,30.1498335,-11.8,-241.2752283,na,90.32996055
OLC,oli,ctr,Graminoids,TricCesp,4,0.02026875,0,215.163843,4.361102143,0,4.361102143,-15,-241.2752283,na,90.32996055
OLC,oli,ctr,Graminoids,TricCesp,5,0.020122523,0,215.163843,4.329639461,0,4.329639461,-14,-241.2752283,na,90.32996055
OLC,oli,ctr,Graminoids,TricCesp,6,0.572627687,0,215.163843,123.2087737,0,123.2087737,-11.8,-241.2752283,na,90.32996055
OLC,oli,ctr,Graminoids,TricCesp,7,0,0,215.163843,0,0,0,-12.6,-241.2752283,na,90.32996055
OLC,oli,ctr,Graminoids,TricCesp,8,0.502821523,0,215.163843,108.1890112,0,108.1890112,-11.6,-241.2752283,na,90.32996055
OLC,oli,ctr,Graminoids,TricCesp,9,0,0,215.163843,0,0,0,-16.4,-241.2752283,na,90.32996055
OLC,oli,ctr,Forbs,DrosRotu,1,0.002914185,0,39.31034483,0.114557613,0,0.114557613,-15.6,-241.2752283,na,90.32996055
OLC,oli,ctr,Forbs,DrosRotu,2,0.011218007,0,39.31034483,0.440983735,0,0.440983735,-9.4,-241.2752283,na,90.32996055
OLC,oli,ctr,Forbs,DrosRotu,3,0.001439504,0,39.31034483,0.056587413,0,0.056587413,-11.8,-241.2752283,na,90.32996055
OLC,oli,ctr,Forbs,DrosRotu,4,0.000647777,0,39.31034483,0.025464336,0,0.025464336,-15,-241.2752283,na,90.32996055
OLC,oli,ctr,Forbs,DrosRotu,5,0,0,39.31034483,0,0,0,-14,-241.2752283,na,90.32996055
OLC,oli,ctr,Forbs,DrosRotu,6,0,0,39.31034483,0,0,0,-11.8,-241.2752283,na,90.32996055
OLC,oli,ctr,Forbs,DrosRotu,7,0.000359876,0,39.31034483,0.014146853,0,0.014146853,-12.6,-241.2752283,na,90.32996055
OLC,oli,ctr,Forbs,DrosRotu,8,0,0,39.31034483,0,0,0,-11.6,-241.2752283,na,90.32996055
OLC,oli,ctr,Forbs,DrosRotu,9,0,0,39.31034483,0,0,0,-16.4,-241.2752283,na,90.32996055
OLC,oli,ctr,Forbs,MenyTrif,1,0,0,47.69516191,0,0,0,-15.6,-241.2752283,na,90.32996055
OLC,oli,ctr,Forbs,MenyTrif,2,0.002394208,0,47.69516191,0.114192123,0,0.114192123,-9.4,-241.2752283,na,90.32996055
OLC,oli,ctr,Forbs,MenyTrif,3,0.117316176,0,47.69516191,5.595414031,0,5.595414031,-11.8,-241.2752283,na,90.32996055
OLC,oli,ctr,Forbs,MenyTrif,4,0,0,47.69516191,0,0,0,-15,-241.2752283,na,90.32996055
OLC,oli,ctr,Forbs,MenyTrif,5,0,0,47.69516191,0,0,0,-14,-241.2752283,na,90.32996055
OLC,oli,ctr,Forbs,MenyTrif,6,0,0,47.69516191,0,0,0,-11.8,-241.2752283,na,90.32996055
OLC,oli,ctr,Forbs,MenyTrif,7,0,0,47.69516191,0,0,0,-12.6,-241.2752283,na,90.32996055
OLC,oli,ctr,Forbs,MenyTrif,8,0,0,47.69516191,0,0,0,-11.6,-241.2752283,na,90.32996055
OLC,oli,ctr,Forbs,MenyTrif,9,0,0,47.69516191,0,0,0,-16.4,-241.2752283,na,90.32996055
OLC,oli,ctr,Tree seedlings,PiceAbie,1,0,0,245.5644258,0,0,0,-15.6,-241.2752283,na,90.32996055
OLC,oli,ctr,Tree seedlings,PiceAbie,2,0.000241993,0,245.5644258,0.059424781,0,0.059424781,-9.4,-241.2752283,na,90.32996055
OLC,oli,ctr,Tree seedlings,PiceAbie,3,0,0,245.5644258,0,0,0,-11.8,-241.2752283,na,90.32996055
OLC,oli,ctr,Tree seedlings,PiceAbie,4,0,0,245.5644258,0,0,0,-15,-241.2752283,na,90.32996055
OLC,oli,ctr,Tree seedlings,PiceAbie,5,0,0,245.5644258,0,0,0,-14,-241.2752283,na,90.32996055
OLC,oli,ctr,Tree seedlings,PiceAbie,6,0,0,245.5644258,0,0,0,-11.8,-241.2752283,na,90.32996055
OLC,oli,ctr,Tree seedlings,PiceAbie,7,0,0,245.5644258,0,0,0,-12.6,-241.2752283,na,90.32996055
OLC,oli,ctr,Tree seedlings,PiceAbie,8,0,0,245.5644258,0,0,0,-11.6,-241.2752283,na,90.32996055
OLC,oli,ctr,Tree seedlings,PiceAbie,9,0,0,245.5644258,0,0,0,-16.4,-241.2752283,na,90.32996055
OLC,oli,ctr,Tree seedlings,PinuSylv_S,1,0.066227369,0,235.1994168,15.57663857,0,15.57663857,-15.6,-241.2752283,na,90.32996055
OLC,oli,ctr,Tree seedlings,PinuSylv_S,2,0.094472065,0.037502245,235.1994168,22.21977448,8.820506181,13.3992683,-9.4,-241.2752283,na,90.32996055
OLC,oli,ctr,Tree seedlings,PinuSylv_S,3,0.055531443,0.019150083,235.1994168,13.06096309,4.504088263,8.556874824,-11.8,-241.2752283,na,90.32996055
OLC,oli,ctr,Tree seedlings,PinuSylv_S,4,0.026017191,0.003989601,235.1994168,6.119228054,0.938351721,5.180876333,-15,-241.2752283,na,90.32996055
OLC,oli,ctr,Tree seedlings,PinuSylv_S,5,0.213429606,0.078994091,235.1994168,50.19851891,18.57936408,31.61915483,-14,-241.2752283,na,90.32996055
OLC,oli,ctr,Tree seedlings,PinuSylv_S,6,0.011968802,0,235.1994168,2.815055164,0,2.815055164,-11.8,-241.2752283,na,90.32996055
OLC,oli,ctr,Tree seedlings,PinuSylv_S,7,0,0,235.1994168,0,0,0,-12.6,-241.2752283,na,90.32996055
OLC,oli,ctr,Tree seedlings,PinuSylv_S,8,0.030746763,0.009575041,235.1994168,7.231620678,2.252044131,4.979576547,-11.6,-241.2752283,na,90.32996055
OLC,oli,ctr,Tree seedlings,PinuSylv_S,9,0.012099381,0.00159584,235.1994168,2.845767337,0.375340689,2.470426648,-16.4,-241.2752283,na,90.32996055
OLC,oli,ctr,Tree seedlings,PinuSylv_G,1,0.000685587,0,235.1994168,0.1612496,0,0.1612496,-15.6,-241.2752283,na,90.32996055
OLC,oli,ctr,Tree seedlings,PinuSylv_G,2,0.000342793,0,235.1994168,0.0806248,0,0.0806248,-9.4,-241.2752283,na,90.32996055
OLC,oli,ctr,Tree seedlings,PinuSylv_G,3,0,0,235.1994168,0,0,0,-11.8,-241.2752283,na,90.32996055
OLC,oli,ctr,Tree seedlings,PinuSylv_G,4,0,0,235.1994168,0,0,0,-15,-241.2752283,na,90.32996055
OLC,oli,ctr,Tree seedlings,PinuSylv_G,5,0.000685587,0,235.1994168,0.1612496,0,0.1612496,-14,-241.2752283,na,90.32996055
OLC,oli,ctr,Tree seedlings,PinuSylv_G,6,0,0,235.1994168,0,0,0,-11.8,-241.2752283,na,90.32996055
OLC,oli,ctr,Tree seedlings,PinuSylv_G,7,0,0,235.1994168,0,0,0,-12.6,-241.2752283,na,90.32996055
OLC,oli,ctr,Tree seedlings,PinuSylv_G,8,0,0,235.1994168,0,0,0,-11.6,-241.2752283,na,90.32996055
OLC,oli,ctr,Tree seedlings,PinuSylv_G,9,0.00102838,0,235.1994168,0.2418744,0,0.2418744,-16.4,-241.2752283,na,90.32996055
OLD,oli,dr,Evergreen shrubs,AndrPoli,1,0.018793255,0,128.553811,2.415944573,0,2.415944573,-22.6,4310.350202,na,610.4835726
OLD,oli,dr,Evergreen shrubs,AndrPoli,2,0,0,128.553811,0,0,0,-24,4310.350202,na,610.4835726
OLD,oli,dr,Evergreen shrubs,AndrPoli,3,0,0,128.553811,0,0,0,-31.4,4310.350202,na,610.4835726
OLD,oli,dr,Evergreen shrubs,AndrPoli,4,0.023270082,0.02234375,128.553811,2.991457697,2.872374214,0.119083482,-21.8,4310.350202,na,610.4835726
OLD,oli,dr,Evergreen shrubs,AndrPoli,5,0.075599955,0.04640625,128.553811,9.71866232,5.965700292,3.752962029,-24.6,4310.350202,na,610.4835726
OLD,oli,dr,Evergreen shrubs,AndrPoli,6,0,0,128.553811,0,0,0,-22.2,4310.350202,na,610.4835726
OLD,oli,dr,Evergreen shrubs,AndrPoli,7,0.07034375,0.0275,128.553811,9.042957142,3.535229802,5.50772734,-25.4,4310.350202,na,610.4835726
OLD,oli,dr,Evergreen shrubs,AndrPoli,8,0.120589286,0.09453125,128.553811,15.50221224,12.15235245,3.349859798,-24.4,4310.350202,na,610.4835726
OLD,oli,dr,Evergreen shrubs,AndrPoli,9,0.457781983,0.116875,128.553811,58.8496185,15.02472666,43.82489184,-26.6,4310.350202,na,610.4835726
OLD,oli,dr,Evergreen shrubs,EmpeNigr,1,0,0,161.8333333,0,0,0,-22.6,4310.350202,na,610.4835726
OLD,oli,dr,Evergreen shrubs,EmpeNigr,2,0.39690963,0.098928409,161.8333333,64.23320854,16.0099142,48.22329433,-24,4310.350202,na,610.4835726
OLD,oli,dr,Evergreen shrubs,EmpeNigr,3,0.331169039,0.240531818,161.8333333,53.59418955,38.92606591,14.66812364,-31.4,4310.350202,na,610.4835726
OLD,oli,dr,Evergreen shrubs,EmpeNigr,4,0,0,161.8333333,0,0,0,-21.8,4310.350202,na,610.4835726
OLD,oli,dr,Evergreen shrubs,EmpeNigr,5,0.407620728,0.07468125,161.8333333,65.96662115,12.08591563,53.88070553,-24.6,4310.350202,na,610.4835726
OLD,oli,dr,Evergreen shrubs,EmpeNigr,6,0,0,161.8333333,0,0,0,-22.2,4310.350202,na,610.4835726
OLD,oli,dr,Evergreen shrubs,EmpeNigr,7,0,0,161.8333333,0,0,0,-25.4,4310.350202,na,610.4835726
OLD,oli,dr,Evergreen shrubs,EmpeNigr,8,0,0,161.8333333,0,0,0,-24.4,4310.350202,na,610.4835726
OLD,oli,dr,Evergreen shrubs,EmpeNigr,9,0,0,161.8333333,0,0,0,-26.6,4310.350202,na,610.4835726
OLD,oli,dr,Evergreen shrubs,VaccOxyc,1,0.062915131,0.01236926,132.5515152,8.33949589,1.639564181,6.699931709,-22.6,4310.350202,na,610.4835726
OLD,oli,dr,Evergreen shrubs,VaccOxyc,2,0.022199738,0.000824617,132.5515152,2.94260886,0.109304279,2.833304581,-24,4310.350202,na,610.4835726
OLD,oli,dr,Evergreen shrubs,VaccOxyc,3,0.057970131,0.014018495,132.5515152,7.68402868,1.858172739,5.825855941,-31.4,4310.350202,na,610.4835726
OLD,oli,dr,Evergreen shrubs,VaccOxyc,4,0.281673933,0.122043367,132.5515152,37.33630663,16.17703326,21.15927337,-21.8,4310.350202,na,610.4835726
OLD,oli,dr,Evergreen shrubs,VaccOxyc,5,0.161925854,0.050301658,132.5515152,21.46351726,6.667561004,14.79595625,-24.6,4310.350202,na,610.4835726
OLD,oli,dr,Evergreen shrubs,VaccOxyc,6,0.253671562,0.103077168,132.5515152,33.62454986,13.66303484,19.96151502,-22.2,4310.350202,na,610.4835726
OLD,oli,dr,Evergreen shrubs,VaccOxyc,7,0.293143431,0.122043367,132.5515152,38.85660588,16.17703326,22.67957262,-25.4,4310.350202,na,610.4835726
OLD,oli,dr,Evergreen shrubs,VaccOxyc,8,0.362077805,0.18966199,132.5515152,47.99396163,25.13998411,22.85397752,-24.4,4310.350202,na,610.4835726
OLD,oli,dr,Evergreen shrubs,VaccOxyc,9,0.292068104,0.161625,132.5515152,38.71406977,21.42363864,17.29043114,-26.6,4310.350202,na,610.4835726
OLD,oli,dr,Tree seedlings,BetuPube,1,0,0,83.55133141,0,0,0,-22.6,4310.350202,na,610.4835726
OLD,oli,dr,Tree seedlings,BetuPube,2,0,0,83.55133141,0,0,0,-24,4310.350202,na,610.4835726
OLD,oli,dr,Tree seedlings,BetuPube,3,0,0,83.55133141,0,0,0,-31.4,4310.350202,na,610.4835726
OLD,oli,dr,Tree seedlings,BetuPube,4,0,0,83.55133141,0,0,0,-21.8,4310.350202,na,610.4835726
OLD,oli,dr,Tree seedlings,BetuPube,5,0.045735852,0,83.55133141,3.821291344,0,3.821291344,-24.6,4310.350202,na,610.4835726
OLD,oli,dr,Tree seedlings,BetuPube,6,0,0,83.55133141,0,0,0,-22.2,4310.350202,na,610.4835726
OLD,oli,dr,Tree seedlings,BetuPube,7,0,0,83.55133141,0,0,0,-25.4,4310.350202,na,610.4835726
OLD,oli,dr,Tree seedlings,BetuPube,8,0.074193479,0,83.55133141,6.198963958,0,6.198963958,-24.4,4310.350202,na,610.4835726
OLD,oli,dr,Tree seedlings,BetuPube,9,0,0,83.55133141,0,0,0,-26.6,4310.350202,na,610.4835726
OLD,oli,dr,Deciduous shrubs,BetuNana,1,0.776454805,0,76.34824531,59.28096196,0,59.28096196,-22.6,4310.350202,na,610.4835726
OLD,oli,dr,Deciduous shrubs,BetuNana,2,0.42073801,0,76.34824531,32.12260883,0,32.12260883,-24,4310.350202,na,610.4835726
OLD,oli,dr,Deciduous shrubs,BetuNana,3,0.407786757,0,76.34824531,31.13380333,0,31.13380333,-31.4,4310.350202,na,610.4835726
OLD,oli,dr,Deciduous shrubs,BetuNana,4,0.546486395,0,76.34824531,41.72327731,0,41.72327731,-21.8,4310.350202,na,610.4835726
OLD,oli,dr,Deciduous shrubs,BetuNana,5,0.113816724,0,76.34824531,8.689707127,0,8.689707127,-24.6,4310.350202,na,610.4835726
OLD,oli,dr,Deciduous shrubs,BetuNana,6,0.451675168,0,76.34824531,34.48460653,0,34.48460653,-22.2,4310.350202,na,610.4835726
OLD,oli,dr,Deciduous shrubs,BetuNana,7,0.288891751,0,76.34824531,22.05637825,0,22.05637825,-25.4,4310.350202,na,610.4835726
OLD,oli,dr,Deciduous shrubs,BetuNana,8,0.229479632,0,76.34824531,17.52036724,0,17.52036724,-24.4,4310.350202,na,610.4835726
OLD,oli,dr,Deciduous shrubs,BetuNana,9,0.437568019,0,76.34824531,33.40755043,0,33.40755043,-26.6,4310.350202,na,610.4835726
OLD,oli,dr,Graminoids,CareLasi,1,0,0,207.8108636,0,0,0,-22.6,4310.350202,na,610.4835726
OLD,oli,dr,Graminoids,CareLasi,2,0.034833333,0,207.8108636,7.238745083,0,7.238745083,-24,4310.350202,na,610.4835726
OLD,oli,dr,Graminoids,CareLasi,3,0,0,207.8108636,0,0,0,-31.4,4310.350202,na,610.4835726
OLD,oli,dr,Graminoids,CareLasi,4,0,0,207.8108636,0,0,0,-21.8,4310.350202,na,610.4835726
OLD,oli,dr,Graminoids,CareLasi,5,0,0,207.8108636,0,0,0,-24.6,4310.350202,na,610.4835726
OLD,oli,dr,Graminoids,CareLasi,6,0,0,207.8108636,0,0,0,-22.2,4310.350202,na,610.4835726
OLD,oli,dr,Graminoids,CareLasi,7,0,0,207.8108636,0,0,0,-25.4,4310.350202,na,610.4835726
OLD,oli,dr,Graminoids,CareLasi,8,0.081263846,0,207.8108636,16.88751009,0,16.88751009,-24.4,4310.350202,na,610.4835726
OLD,oli,dr,Graminoids,CareLasi,9,0,0,207.8108636,0,0,0,-26.6,4310.350202,na,610.4835726
OLD,oli,dr,Graminoids,CareMage,1,0,0,105.8877306,0,0,0,-22.6,4310.350202,na,610.4835726
OLD,oli,dr,Graminoids,CareMage,2,0,0,105.8877306,0,0,0,-24,4310.350202,na,610.4835726
OLD,oli,dr,Graminoids,CareMage,3,0,0,105.8877306,0,0,0,-31.4,4310.350202,na,610.4835726
OLD,oli,dr,Graminoids,CareMage,4,0,0,105.8877306,0,0,0,-21.8,4310.350202,na,610.4835726
OLD,oli,dr,Graminoids,CareMage,5,0,0,105.8877306,0,0,0,-24.6,4310.350202,na,610.4835726
OLD,oli,dr,Graminoids,CareMage,6,0,0,105.8877306,0,0,0,-22.2,4310.350202,na,610.4835726
OLD,oli,dr,Graminoids,CareMage,7,0,0,105.8877306,0,0,0,-25.4,4310.350202,na,610.4835726
OLD,oli,dr,Graminoids,CareMage,8,0.134408036,0.003027961,105.8877306,14.23216191,0.320623868,13.91153805,-24.4,4310.350202,na,610.4835726
OLD,oli,dr,Graminoids,CareMage,9,0.216072025,0,105.8877306,22.87937641,0,22.87937641,-26.6,4310.350202,na,610.4835726
OLD,oli,dr,Graminoids,CarePauc,1,0.017028646,0,148.6032254,2.530511695,0,2.530511695,-22.6,4310.350202,na,610.4835726
OLD,oli,dr,Graminoids,CarePauc,2,0.001309896,0,148.6032254,0.194654746,0,0.194654746,-24,4310.350202,na,610.4835726
OLD,oli,dr,Graminoids,CarePauc,3,0.035367188,0,148.6032254,5.255678136,0,5.255678136,-31.4,4310.350202,na,610.4835726
OLD,oli,dr,Graminoids,CarePauc,4,0.032343427,0,148.6032254,4.806337569,0,4.806337569,-21.8,4310.350202,na,610.4835726
OLD,oli,dr,Graminoids,CarePauc,5,0.002117188,0,148.6032254,0.314620891,0,0.314620891,-24.6,4310.350202,na,610.4835726
OLD,oli,dr,Graminoids,CarePauc,6,0.005894531,0,148.6032254,0.875946356,0,0.875946356,-22.2,4310.350202,na,610.4835726
OLD,oli,dr,Graminoids,CarePauc,7,0.010479167,0,148.6032254,1.557237966,0,1.557237966,-25.4,4310.350202,na,610.4835726
OLD,oli,dr,Graminoids,CarePauc,8,0.023305719,0,148.6032254,3.463305064,0,3.463305064,-24.4,4310.350202,na,610.4835726
OLD,oli,dr,Graminoids,CarePauc,9,0.011789063,0,148.6032254,1.751892712,0,1.751892712,-26.6,4310.350202,na,610.4835726
OLD,oli,dr,Graminoids,ErioVagi,1,0.202355205,0.050397059,128.0808034,25.91781725,6.454895785,19.46292147,-22.6,4310.350202,na,610.4835726
OLD,oli,dr,Graminoids,ErioVagi,2,0.206243477,0.024102941,128.0808034,26.41583026,3.087124071,23.32870619,-24,4310.350202,na,610.4835726
OLD,oli,dr,Graminoids,ErioVagi,3,0.131768417,0.006573529,128.0808034,16.87700471,0.841942929,16.03506178,-31.4,4310.350202,na,610.4835726
OLD,oli,dr,Graminoids,ErioVagi,4,0.164074229,0.017529412,128.0808034,21.01475904,2.245181143,18.7695779,-21.8,4310.350202,na,610.4835726
OLD,oli,dr,Graminoids,ErioVagi,5,0.185002411,0.010955882,128.0808034,23.69525744,1.403238214,22.29201923,-24.6,4310.350202,na,610.4835726
OLD,oli,dr,Graminoids,ErioVagi,6,0.202621109,0.030676471,128.0808034,25.95187444,3.929067,22.02280744,-22.2,4310.350202,na,610.4835726
OLD,oli,dr,Graminoids,ErioVagi,7,0.470844055,0.046014706,128.0808034,60.30608485,5.8936005,54.41248435,-25.4,4310.350202,na,610.4835726
OLD,oli,dr,Graminoids,ErioVagi,8,0.057923304,0.010955882,128.0808034,7.418863251,1.403238214,6.015625037,-24.4,4310.350202,na,610.4835726
OLD,oli,dr,Graminoids,ErioVagi,9,0.360708055,0.105176471,128.0808034,46.19977744,13.47108686,32.72869058,-26.6,4310.350202,na,610.4835726
OLD,oli,dr,Graminoids,TricAlpi,1,0,0,264.662862,0,0,0,-22.6,4310.350202,na,610.4835726
OLD,oli,dr,Graminoids,TricAlpi,2,0,0,264.662862,0,0,0,-24,4310.350202,na,610.4835726
OLD,oli,dr,Graminoids,TricAlpi,3,0,0,264.662862,0,0,0,-31.4,4310.350202,na,610.4835726
OLD,oli,dr,Graminoids,TricAlpi,4,0,0,264.662862,0,0,0,-21.8,4310.350202,na,610.4835726
OLD,oli,dr,Graminoids,TricAlpi,5,0,0,264.662862,0,0,0,-24.6,4310.350202,na,610.4835726
OLD,oli,dr,Graminoids,TricAlpi,6,0,0,264.662862,0,0,0,-22.2,4310.350202,na,610.4835726
OLD,oli,dr,Graminoids,TricAlpi,7,0,0,264.662862,0,0,0,-25.4,4310.350202,na,610.4835726
OLD,oli,dr,Graminoids,TricAlpi,8,0,0,264.662862,0,0,0,-24.4,4310.350202,na,610.4835726
OLD,oli,dr,Graminoids,TricAlpi,9,0,0,264.662862,0,0,0,-26.6,4310.350202,na,610.4835726
OLD,oli,dr,Graminoids,TricCesp,1,0.279914063,0,264.662862,74.08285689,0,74.08285689,-22.6,4310.350202,na,610.4835726
OLD,oli,dr,Graminoids,TricCesp,2,0.391879688,0,264.662862,103.7159996,0,103.7159996,-24,4310.350202,na,610.4835726
OLD,oli,dr,Graminoids,TricCesp,3,0,0,264.662862,0,0,0,-31.4,4310.350202,na,610.4835726
OLD,oli,dr,Graminoids,TricCesp,4,0.528546348,0,264.662862,139.8865891,0,139.8865891,-21.8,4310.350202,na,610.4835726
OLD,oli,dr,Graminoids,TricCesp,5,0,0,264.662862,0,0,0,-24.6,4310.350202,na,610.4835726
OLD,oli,dr,Graminoids,TricCesp,6,0,0,264.662862,0,0,0,-22.2,4310.350202,na,610.4835726
OLD,oli,dr,Graminoids,TricCesp,7,0.244806112,0,264.662862,64.79108622,0,64.79108622,-25.4,4310.350202,na,610.4835726
OLD,oli,dr,Graminoids,TricCesp,8,0.004131059,0,264.662862,1.093337811,0,1.093337811,-24.4,4310.350202,na,610.4835726
OLD,oli,dr,Graminoids,TricCesp,9,0,0,264.662862,0,0,0,-26.6,4310.350202,na,610.4835726
OLD,oli,dr,Forbs,DrosRotu,1,0,0,39.31034483,0,0,0,-22.6,4310.350202,na,610.4835726
OLD,oli,dr,Forbs,DrosRotu,2,0,0,39.31034483,0,0,0,-24,4310.350202,na,610.4835726
OLD,oli,dr,Forbs,DrosRotu,3,0,0,39.31034483,0,0,0,-31.4,4310.350202,na,610.4835726
OLD,oli,dr,Forbs,DrosRotu,4,0.002583333,0,39.31034483,0.101551724,0,0.101551724,-21.8,4310.350202,na,610.4835726
OLD,oli,dr,Forbs,DrosRotu,5,0.01089924,0,39.31034483,0.428452887,0,0.428452887,-24.6,4310.350202,na,610.4835726
OLD,oli,dr,Forbs,DrosRotu,6,0,0,39.31034483,0,0,0,-22.2,4310.350202,na,610.4835726
OLD,oli,dr,Forbs,DrosRotu,7,0,0,39.31034483,0,0,0,-25.4,4310.350202,na,610.4835726
OLD,oli,dr,Forbs,DrosRotu,8,0,0,39.31034483,0,0,0,-24.4,4310.350202,na,610.4835726
OLD,oli,dr,Forbs,DrosRotu,9,0,0,39.31034483,0,0,0,-26.6,4310.350202,na,610.4835726
OLD,oli,dr,Tree seedlings,PiceAbie,1,0.09386938,0.015623235,245.5644258,23.05098033,3.836510614,19.21446972,-22.6,4310.350202,na,610.4835726
OLD,oli,dr,Tree seedlings,PiceAbie,2,0,0,245.5644258,0,0,0,-24,4310.350202,na,610.4835726
OLD,oli,dr,Tree seedlings,PiceAbie,3,0,0,245.5644258,0,0,0,-31.4,4310.350202,na,610.4835726
OLD,oli,dr,Tree seedlings,PiceAbie,4,0,0,245.5644258,0,0,0,-21.8,4310.350202,na,610.4835726
OLD,oli,dr,Tree seedlings,PiceAbie,5,0,0,245.5644258,0,0,0,-24.6,4310.350202,na,610.4835726
OLD,oli,dr,Tree seedlings,PiceAbie,6,0,0,245.5644258,0,0,0,-22.2,4310.350202,na,610.4835726
OLD,oli,dr,Tree seedlings,PiceAbie,7,0,0,245.5644258,0,0,0,-25.4,4310.350202,na,610.4835726
OLD,oli,dr,Tree seedlings,PiceAbie,8,0.016344307,0,245.5644258,4.013580335,0,4.013580335,-24.4,4310.350202,na,610.4835726
OLD,oli,dr,Tree seedlings,PiceAbie,9,0,0,245.5644258,0,0,0,-26.6,4310.350202,na,610.4835726
OLD,oli,dr,Tree seedlings,PinuSylv_S,1,0.007419358,0.005807292,231.9405549,1.720849927,1.346946452,0.373903475,-22.6,4310.350202,na,610.4835726
OLD,oli,dr,Tree seedlings,PinuSylv_S,2,0.216352041,0.025480974,231.9405549,50.1808124,5.910071165,44.27074123,-24,4310.350202,na,610.4835726
OLD,oli,dr,Tree seedlings,PinuSylv_S,3,0.728532444,0.269031675,231.9405549,168.9762194,62.39935602,106.5768634,-31.4,4310.350202,na,610.4835726
OLD,oli,dr,Tree seedlings,PinuSylv_S,4,0.308874704,0.162367134,231.9405549,71.64057033,37.65952324,33.98104709,-21.8,4310.350202,na,610.4835726
OLD,oli,dr,Tree seedlings,PinuSylv_S,5,0.098081976,0,231.9405549,22.74918788,0,22.74918788,-24.6,4310.350202,na,610.4835726
OLD,oli,dr,Tree seedlings,PinuSylv_S,6,0.125015961,0.029629039,231.9405549,28.99627133,6.872175773,22.12409556,-22.2,4310.350202,na,610.4835726
OLD,oli,dr,Tree seedlings,PinuSylv_S,7,0,0,231.9405549,0,0,0,-25.4,4310.350202,na,610.4835726
OLD,oli,dr,Tree seedlings,PinuSylv_S,8,0.063237068,0.01481452,231.9405549,14.66724072,3.436087887,11.23115283,-24.4,4310.350202,na,610.4835726
OLD,oli,dr,Tree seedlings,PinuSylv_S,9,0,0,231.9405549,0,0,0,-26.6,4310.350202,na,610.4835726
OLD,oli,dr,Tree seedlings,PinuSylv_G,1,0.00140625,0,231.9405549,0.326166405,0,0.326166405,-22.6,4310.350202,na,610.4835726
OLD,oli,dr,Tree seedlings,PinuSylv_G,2,0,0,231.9405549,0,0,0,-24,4310.350202,na,610.4835726
OLD,oli,dr,Tree seedlings,PinuSylv_G,3,0,0,231.9405549,0,0,0,-31.4,4310.350202,na,610.4835726
OLD,oli,dr,Tree seedlings,PinuSylv_G,4,0,0,231.9405549,0,0,0,-21.8,4310.350202,na,610.4835726
OLD,oli,dr,Tree seedlings,PinuSylv_G,5,0,0,231.9405549,0,0,0,-24.6,4310.350202,na,610.4835726
OLD,oli,dr,Tree seedlings,PinuSylv_G,6,0,0,231.9405549,0,0,0,-22.2,4310.350202,na,610.4835726
OLD,oli,dr,Tree seedlings,PinuSylv_G,7,0,0,231.9405549,0,0,0,-25.4,4310.350202,na,610.4835726
OLD,oli,dr,Tree seedlings,PinuSylv_G,8,0,0,231.9405549,0,0,0,-24.4,4310.350202,na,610.4835726
OLD,oli,dr,Tree seedlings,PinuSylv_G,9,0,0,231.9405549,0,0,0,-26.6,4310.350202,na,610.4835726
OMC,omb,ctr,Evergreen shrubs,AndrPoli,1,0.057792656,0.034642979,207.1431747,11.97135417,7.176056744,4.795297423,-17.6,121.6442307,na,na
OMC,omb,ctr,Evergreen shrubs,AndrPoli,2,0,0,207.1431747,0,0,0,-5,121.6442307,na,na
OMC,omb,ctr,Evergreen shrubs,AndrPoli,3,0.005339674,0,207.1431747,1.106077006,0,1.106077006,0.4,121.6442307,na,na
OMC,omb,ctr,Evergreen shrubs,AndrPoli,4,0.052466795,0.017576627,207.1431747,10.86813845,3.640878257,7.227260197,-5.2,121.6442307,na,na
OMC,omb,ctr,Evergreen shrubs,AndrPoli,5,0.044310822,0.028677654,207.1431747,9.178684239,5.940380314,3.238303924,-6.4,121.6442307,na,na
OMC,omb,ctr,Evergreen shrubs,AndrPoli,6,0.015575583,0.004625428,207.1431747,3.226375734,0.958125857,2.268249877,-9,121.6442307,na,na
OMC,omb,ctr,Evergreen shrubs,AndrPoli,7,0.067061576,0.005550514,207.1431747,13.89134766,1.149751029,12.74159664,-7.8,121.6442307,na,na
OMC,omb,ctr,Evergreen shrubs,AndrPoli,8,0.158521997,0.048104452,207.1431747,32.83674977,9.964508914,22.87224085,-14.4,121.6442307,na,na
OMC,omb,ctr,Evergreen shrubs,AndrPoli,9,0.105223376,0.077707192,207.1431747,21.79630417,16.0965144,5.699789766,-17,121.6442307,na,na
OMC,omb,ctr,Evergreen shrubs,AndrPoli,10,0.151913648,0.081407534,207.1431747,31.46787534,16.86301509,14.60486026,-20.8,121.6442307,na,na
OMC,omb,ctr,Evergreen shrubs,EmpeNigr,1,0,0,162.8699699,0,0,0,-17.6,121.6442307,na,na
OMC,omb,ctr,Evergreen shrubs,EmpeNigr,2,0,0,162.8699699,0,0,0,-5,121.6442307,na,na
OMC,omb,ctr,Evergreen shrubs,EmpeNigr,3,0,0,162.8699699,0,0,0,0.4,121.6442307,na,na
OMC,omb,ctr,Evergreen shrubs,EmpeNigr,4,0,0,162.8699699,0,0,0,-5.2,121.6442307,na,na
OMC,omb,ctr,Evergreen shrubs,EmpeNigr,5,0,0,162.8699699,0,0,0,-6.4,121.6442307,na,na
OMC,omb,ctr,Evergreen shrubs,EmpeNigr,6,0,0,162.8699699,0,0,0,-9,121.6442307,na,na
OMC,omb,ctr,Evergreen shrubs,EmpeNigr,7,0,0,162.8699699,0,0,0,-7.8,121.6442307,na,na
OMC,omb,ctr,Evergreen shrubs,EmpeNigr,8,0.000391865,0,162.8699699,0.063823054,0,0.063823054,-14.4,121.6442307,na,na
OMC,omb,ctr,Evergreen shrubs,EmpeNigr,9,0.012463504,0.004024219,162.8699699,2.029930464,0.655424387,1.374506077,-17,121.6442307,na,na
OMC,omb,ctr,Evergreen shrubs,EmpeNigr,10,0.109203697,0.022803906,162.8699699,17.78600289,3.714071524,14.07193137,-20.8,121.6442307,na,na
OMC,omb,ctr,Evergreen shrubs,VaccOxyc,1,0.02206095,0,194.4718578,4.290234012,0,4.290234012,-17.6,121.6442307,na,na
OMC,omb,ctr,Evergreen shrubs,VaccOxyc,2,0.003983184,0.00377381,194.4718578,0.774617124,0.733899749,0.040717375,-5,121.6442307,na,na
OMC,omb,ctr,Evergreen shrubs,VaccOxyc,3,0,0,194.4718578,0,0,0,0.4,121.6442307,na,na
OMC,omb,ctr,Evergreen shrubs,VaccOxyc,4,0.042763202,0.006604167,194.4718578,8.316239281,1.284324561,7.03191472,-5.2,121.6442307,na,na
OMC,omb,ctr,Evergreen shrubs,VaccOxyc,5,0.042445433,0.027360119,194.4718578,8.254442261,5.320773181,2.933669081,-6.4,121.6442307,na,na
OMC,omb,ctr,Evergreen shrubs,VaccOxyc,6,0.007032114,0.004717262,194.4718578,1.367548358,0.917374686,0.450173672,-9,121.6442307,na,na
OMC,omb,ctr,Evergreen shrubs,VaccOxyc,7,0.019453831,0.002830357,194.4718578,3.783222635,0.550424812,3.232797823,-7.8,121.6442307,na,na
OMC,omb,ctr,Evergreen shrubs,VaccOxyc,8,0.027245654,0.005660714,194.4718578,5.298512864,1.100849624,4.19766324,-14.4,121.6442307,na,na
OMC,omb,ctr,Evergreen shrubs,VaccOxyc,9,0.021250407,0.008491071,194.4718578,4.132606215,1.651274435,2.481331779,-17,121.6442307,na,na
OMC,omb,ctr,Evergreen shrubs,VaccOxyc,10,0.048595006,0.01603869,194.4718578,9.450361098,3.119073934,6.331287164,-20.8,121.6442307,na,na
OMC,omb,ctr,Deciduous shrubs,VaccUlig,1,0,0,124.0704807,0,0,0,-17.6,121.6442307,na,na
OMC,omb,ctr,Deciduous shrubs,VaccUlig,2,0,0,124.0704807,0,0,0,-5,121.6442307,na,na
OMC,omb,ctr,Deciduous shrubs,VaccUlig,3,0,0,124.0704807,0,0,0,0.4,121.6442307,na,na
OMC,omb,ctr,Deciduous shrubs,VaccUlig,4,0,0,124.0704807,0,0,0,-5.2,121.6442307,na,na
OMC,omb,ctr,Deciduous shrubs,VaccUlig,5,0,0,124.0704807,0,0,0,-6.4,121.6442307,na,na
OMC,omb,ctr,Deciduous shrubs,VaccUlig,6,0,0,124.0704807,0,0,0,-9,121.6442307,na,na
OMC,omb,ctr,Deciduous shrubs,VaccUlig,7,0,0,124.0704807,0,0,0,-7.8,121.6442307,na,na
OMC,omb,ctr,Deciduous shrubs,VaccUlig,8,0,0,124.0704807,0,0,0,-14.4,121.6442307,na,na
OMC,omb,ctr,Deciduous shrubs,VaccUlig,9,0,0,124.0704807,0,0,0,-17,121.6442307,na,na
OMC,omb,ctr,Deciduous shrubs,VaccUlig,10,0.040385026,0,124.0704807,5.010589647,0,5.010589647,-20.8,121.6442307,na,na
OMC,omb,ctr,Graminoids,CarePauc,1,0.0024375,0,148.6032254,0.362220362,0,0.362220362,-17.6,121.6442307,na,na
OMC,omb,ctr,Graminoids,CarePauc,2,0,0,148.6032254,0,0,0,-5,121.6442307,na,na
OMC,omb,ctr,Graminoids,CarePauc,3,0.000541667,0,148.6032254,0.080493414,0,0.080493414,0.4,121.6442307,na,na
OMC,omb,ctr,Graminoids,CarePauc,4,0,0,148.6032254,0,0,0,-5.2,121.6442307,na,na
OMC,omb,ctr,Graminoids,CarePauc,5,0,0,148.6032254,0,0,0,-6.4,121.6442307,na,na
OMC,omb,ctr,Graminoids,CarePauc,6,0.001895833,0,148.6032254,0.281726948,0,0.281726948,-9,121.6442307,na,na
OMC,omb,ctr,Graminoids,CarePauc,7,0,0,148.6032254,0,0,0,-7.8,121.6442307,na,na
OMC,omb,ctr,Graminoids,CarePauc,8,0.001083333,0,148.6032254,0.160986828,0,0.160986828,-14.4,121.6442307,na,na
OMC,omb,ctr,Graminoids,CarePauc,9,0,0,148.6032254,0,0,0,-17,121.6442307,na,na
OMC,omb,ctr,Graminoids,CarePauc,10,0,0,148.6032254,0,0,0,-20.8,121.6442307,na,na
OMC,omb,ctr,Graminoids,ErioVagi,1,0.257791708,0.141354167,128.0808034,33.01816911,18.10475524,14.91341387,-17.6,121.6442307,na,na
OMC,omb,ctr,Graminoids,ErioVagi,2,0.091984348,0.049166667,128.0808034,11.78142917,6.297306169,5.484123004,-5,121.6442307,na,na
OMC,omb,ctr,Graminoids,ErioVagi,3,0.070512978,0.030729167,128.0808034,9.031358917,3.935816356,5.095542561,0.4,121.6442307,na,na
OMC,omb,ctr,Graminoids,ErioVagi,4,0.256655048,0.0921875,128.0808034,32.87258476,11.80744907,21.0651357,-5.2,121.6442307,na,na
OMC,omb,ctr,Graminoids,ErioVagi,5,0.299882367,0.122916667,128.0808034,38.40917449,15.74326542,22.66590907,-6.4,121.6442307,na,na
OMC,omb,ctr,Graminoids,ErioVagi,6,0.196239598,0.098333333,128.0808034,25.13452536,12.59461234,12.53991303,-9,121.6442307,na,na
OMC,omb,ctr,Graminoids,ErioVagi,7,0.380109375,0.095260417,128.0808034,48.68471415,12.2010307,36.48368344,-7.8,121.6442307,na,na
OMC,omb,ctr,Graminoids,ErioVagi,8,0.218783249,0.089114583,128.0808034,28.02193431,11.41386743,16.60806688,-14.4,121.6442307,na,na
OMC,omb,ctr,Graminoids,ErioVagi,9,0.136449519,0.089114583,128.0808034,17.47656405,11.41386743,6.062696621,-17,121.6442307,na,na
OMC,omb,ctr,Graminoids,ErioVagi,10,0.088562804,0.02765625,128.0808034,11.34319505,3.54223472,7.800960331,-20.8,121.6442307,na,na
OMC,omb,ctr,Graminoids,RhynAlba,1,0,0,130.5483867,0,0,0,-17.6,121.6442307,na,na
OMC,omb,ctr,Graminoids,RhynAlba,2,0,0,130.5483867,0,0,0,-5,121.6442307,na,na
OMC,omb,ctr,Graminoids,RhynAlba,3,0,0,130.5483867,0,0,0,0.4,121.6442307,na,na
OMC,omb,ctr,Graminoids,RhynAlba,4,0,0,130.5483867,0,0,0,-5.2,121.6442307,na,na
OMC,omb,ctr,Graminoids,RhynAlba,5,0,0,130.5483867,0,0,0,-6.4,121.6442307,na,na
OMC,omb,ctr,Graminoids,RhynAlba,6,0,0,130.5483867,0,0,0,-9,121.6442307,na,na
OMC,omb,ctr,Graminoids,RhynAlba,7,0,0,130.5483867,0,0,0,-7.8,121.6442307,na,na
OMC,omb,ctr,Graminoids,RhynAlba,8,0,0,130.5483867,0,0,0,-14.4,121.6442307,na,na
OMC,omb,ctr,Graminoids,RhynAlba,9,0,0,130.5483867,0,0,0,-17,121.6442307,na,na
OMC,omb,ctr,Graminoids,RhynAlba,10,0,0,130.5483867,0,0,0,-20.8,121.6442307,na,na
OMC,omb,ctr,Forbs,DrosLong,1,0,0,48.58490566,0,0,0,-17.6,121.6442307,na,na
OMC,omb,ctr,Forbs,DrosLong,2,0.000964286,0,48.58490566,0.04684973,0,0.04684973,-5,121.6442307,na,na
OMC,omb,ctr,Forbs,DrosLong,3,0,0,48.58490566,0,0,0,0.4,121.6442307,na,na
OMC,omb,ctr,Forbs,DrosLong,4,0.02565,0,48.58490566,1.24620283,0,1.24620283,-5.2,121.6442307,na,na
OMC,omb,ctr,Forbs,DrosLong,5,0.0108,0,48.58490566,0.524716981,0,0.524716981,-6.4,121.6442307,na,na
OMC,omb,ctr,Forbs,DrosLong,6,0,0,48.58490566,0,0,0,-9,121.6442307,na,na
OMC,omb,ctr,Forbs,DrosLong,7,0,0,48.58490566,0,0,0,-7.8,121.6442307,na,na
OMC,omb,ctr,Forbs,DrosLong,8,0,0,48.58490566,0,0,0,-14.4,121.6442307,na,na
OMC,omb,ctr,Forbs,DrosLong,9,0,0,48.58490566,0,0,0,-17,121.6442307,na,na
OMC,omb,ctr,Forbs,DrosLong,10,0,0,48.58490566,0,0,0,-20.8,121.6442307,na,na
OMC,omb,ctr,Forbs,DrosRotu,1,0.039426201,0,39.31034483,1.549857551,0,1.549857551,-17.6,121.6442307,na,na
OMC,omb,ctr,Forbs,DrosRotu,2,0,0,39.31034483,0,0,0,-5,121.6442307,na,na
OMC,omb,ctr,Forbs,DrosRotu,3,0,0,39.31034483,0,0,0,0.4,121.6442307,na,na
OMC,omb,ctr,Forbs,DrosRotu,4,0.013509598,0,39.31034483,0.531066964,0,0.531066964,-5.2,121.6442307,na,na
OMC,omb,ctr,Forbs,DrosRotu,5,0.013083221,0,39.31034483,0.514305931,0,0.514305931,-6.4,121.6442307,na,na
OMC,omb,ctr,Forbs,DrosRotu,6,0.004747357,0,39.31034483,0.18662025,0,0.18662025,-9,121.6442307,na,na
OMC,omb,ctr,Forbs,DrosRotu,7,0.003160511,0,39.31034483,0.124240792,0,0.124240792,-7.8,121.6442307,na,na
OMC,omb,ctr,Forbs,DrosRotu,8,0.015839761,0,39.31034483,0.622666476,0,0.622666476,-14.4,121.6442307,na,na
OMC,omb,ctr,Forbs,DrosRotu,9,0.011377841,0,39.31034483,0.44726685,0,0.44726685,-17,121.6442307,na,na
OMC,omb,ctr,Forbs,DrosRotu,10,0.018937207,0,39.31034483,0.744428142,0,0.744428142,-20.8,121.6442307,na,na
OMC,omb,ctr,Forbs,RubuCham,1,0.030211047,0,105.2195578,3.178792986,0,3.178792986,-17.6,121.6442307,na,na
OMC,omb,ctr,Forbs,RubuCham,2,0,0,105.2195578,0,0,0,-5,121.6442307,na,na
OMC,omb,ctr,Forbs,RubuCham,3,0,0,105.2195578,0,0,0,0.4,121.6442307,na,na
OMC,omb,ctr,Forbs,RubuCham,4,0,0,105.2195578,0,0,0,-5.2,121.6442307,na,na
OMC,omb,ctr,Forbs,RubuCham,5,0,0,105.2195578,0,0,0,-6.4,121.6442307,na,na
OMC,omb,ctr,Forbs,RubuCham,6,0,0,105.2195578,0,0,0,-9,121.6442307,na,na
OMC,omb,ctr,Forbs,RubuCham,7,0.058228715,0,105.2195578,6.126799665,0,6.126799665,-7.8,121.6442307,na,na
OMC,omb,ctr,Forbs,RubuCham,8,0.023992702,0,105.2195578,2.524501528,0,2.524501528,-14.4,121.6442307,na,na
OMC,omb,ctr,Forbs,RubuCham,9,0.087844872,0,105.2195578,9.242998633,0,9.242998633,-17,121.6442307,na,na
OMC,omb,ctr,Forbs,RubuCham,10,0.156910399,0,105.2195578,16.51004278,0,16.51004278,-20.8,121.6442307,na,na
OMC,omb,ctr,Tree seedlings,PinuSylv_S,1,0,0,256.958832,0,0,0,-17.6,121.6442307,na,na
OMC,omb,ctr,Tree seedlings,PinuSylv_S,2,0,0,256.958832,0,0,0,-5,121.6442307,na,na
OMC,omb,ctr,Tree seedlings,PinuSylv_S,3,0,0,256.958832,0,0,0,0.4,121.6442307,na,na
OMC,omb,ctr,Tree seedlings,PinuSylv_S,4,0,0,256.958832,0,0,0,-5.2,121.6442307,na,na
OMC,omb,ctr,Tree seedlings,PinuSylv_S,5,0,0,256.958832,0,0,0,-6.4,121.6442307,na,na
OMC,omb,ctr,Tree seedlings,PinuSylv_S,6,0,0,256.958832,0,0,0,-9,121.6442307,na,na
OMC,omb,ctr,Tree seedlings,PinuSylv_S,7,0,0,256.958832,0,0,0,-7.8,121.6442307,na,na
OMC,omb,ctr,Tree seedlings,PinuSylv_S,8,0.007884425,0.000868941,256.958832,2.025972537,0.223282148,1.802690388,-14.4,121.6442307,na,na
OMC,omb,ctr,Tree seedlings,PinuSylv_S,9,0,0,256.958832,0,0,0,-17,121.6442307,na,na
OMC,omb,ctr,Tree seedlings,PinuSylv_S,10,0.006758078,0.001737883,256.958832,1.736547829,0.446564297,1.289983533,-20.8,121.6442307,na,na
OMC,omb,ctr,Tree seedlings,PinuSylv_G,1,0.000477405,0,256.958832,0.122673495,0,0.122673495,-17.6,121.6442307,na,na
OMC,omb,ctr,Tree seedlings,PinuSylv_G,2,0,0,256.958832,0,0,0,-5,121.6442307,na,na
OMC,omb,ctr,Tree seedlings,PinuSylv_G,3,0,0,256.958832,0,0,0,0.4,121.6442307,na,na
OMC,omb,ctr,Tree seedlings,PinuSylv_G,4,0,0,256.958832,0,0,0,-5.2,121.6442307,na,na
OMC,omb,ctr,Tree seedlings,PinuSylv_G,5,0,0,256.958832,0,0,0,-6.4,121.6442307,na,na
OMC,omb,ctr,Tree seedlings,PinuSylv_G,6,0,0,256.958832,0,0,0,-9,121.6442307,na,na
OMC,omb,ctr,Tree seedlings,PinuSylv_G,7,0,0,256.958832,0,0,0,-7.8,121.6442307,na,na
OMC,omb,ctr,Tree seedlings,PinuSylv_G,8,0,0,256.958832,0,0,0,-14.4,121.6442307,na,na
OMC,omb,ctr,Tree seedlings,PinuSylv_G,9,0,0,256.958832,0,0,0,-17,121.6442307,na,na
OMC,omb,ctr,Tree seedlings,PinuSylv_G,10,0,0,256.958832,0,0,0,-20.8,121.6442307,na,na
OMD,omb,dr,Evergreen shrubs,AndrPoli,1,0.042007917,0.0188,236.1017519,9.91814274,4.438712936,5.479429804,-12.2,1923.848259,na,na
OMD,omb,dr,Evergreen shrubs,AndrPoli,2,0.090439892,0.0188,236.1017519,21.35301694,4.438712936,16.914304,-7.4,1923.848259,na,na
OMD,omb,dr,Evergreen shrubs,AndrPoli,3,0.09855864,0.0329,236.1017519,23.26986764,7.767747638,15.50212,-18.4,1923.848259,na,na
OMD,omb,dr,Evergreen shrubs,AndrPoli,4,0.080732292,0.02256,236.1017519,19.06103565,5.326455523,13.73458012,-8.2,1923.848259,na,na
OMD,omb,dr,Evergreen shrubs,AndrPoli,5,0.065049882,0.02256,236.1017519,15.35839107,5.326455523,10.03193555,-17.2,1923.848259,na,na
OMD,omb,dr,Evergreen shrubs,AndrPoli,6,0.050243837,0.0188,236.1017519,11.86265791,4.438712936,7.42394497,-7.6,1923.848259,na,na
OMD,omb,dr,Evergreen shrubs,AndrPoli,7,0.221698229,0.05922,236.1017519,52.3433402,13.98194575,38.36139445,-14.2,1923.848259,na,na
OMD,omb,dr,Evergreen shrubs,AndrPoli,8,0.20298125,0.05264,236.1017519,47.92422873,12.42839622,35.49583251,-18.2,1923.848259,na,na
OMD,omb,dr,Evergreen shrubs,AndrPoli,9,0.061026119,0.0141,236.1017519,14.40837362,3.329034702,11.07933892,-5.2,1923.848259,na,na
OMD,omb,dr,Evergreen shrubs,EmpeNigr,1,0.06517816,0.012544689,157.8107036,10.28581123,1.979686216,8.30612501,-12.2,1923.848259,na,na
OMD,omb,dr,Evergreen shrubs,EmpeNigr,2,0,0,157.8107036,0,0,0,-7.4,1923.848259,na,na
OMD,omb,dr,Evergreen shrubs,EmpeNigr,3,0.105943419,0.032257772,157.8107036,16.71900546,5.0906217,11.62838376,-18.4,1923.848259,na,na
OMD,omb,dr,Evergreen shrubs,EmpeNigr,4,0,0,157.8107036,0,0,0,-8.2,1923.848259,na,na
OMD,omb,dr,Evergreen shrubs,EmpeNigr,5,0.169389146,0.026881477,157.8107036,26.73142034,4.24218475,22.48923559,-17.2,1923.848259,na,na
OMD,omb,dr,Evergreen shrubs,EmpeNigr,6,0,0,157.8107036,0,0,0,-7.6,1923.848259,na,na
OMD,omb,dr,Evergreen shrubs,EmpeNigr,7,0.006782728,0,157.8107036,1.070387084,0,1.070387084,-14.2,1923.848259,na,na
OMD,omb,dr,Evergreen shrubs,EmpeNigr,8,0.121682617,0.01164864,157.8107036,19.20281944,1.838280058,17.36453938,-18.2,1923.848259,na,na
OMD,omb,dr,Evergreen shrubs,EmpeNigr,9,0.063091165,0.019713083,157.8107036,9.956461173,3.110935483,6.84552569,-5.2,1923.848259,na,na
OMD,omb,dr,Evergreen shrubs,VaccOxyc,1,0.015086914,0.002539229,160.6282623,2.42338479,0.407871898,2.015512892,-12.2,1923.848259,na,na
OMD,omb,dr,Evergreen shrubs,VaccOxyc,2,0.03902316,0.015235372,160.6282623,6.268222349,2.447231385,3.820990964,-7.4,1923.848259,na,na
OMD,omb,dr,Evergreen shrubs,VaccOxyc,3,0.040613577,0.007617686,160.6282623,6.523688366,1.223615693,5.300072674,-18.4,1923.848259,na,na
OMD,omb,dr,Evergreen shrubs,VaccOxyc,4,0.030112589,0.011003324,160.6282623,4.836932838,1.767444889,3.069487949,-8.2,1923.848259,na,na
OMD,omb,dr,Evergreen shrubs,VaccOxyc,5,0.015026807,0.00084641,160.6282623,2.413729943,0.135957299,2.277772644,-17.2,1923.848259,na,na
OMD,omb,dr,Evergreen shrubs,VaccOxyc,6,0.039723115,0.012696144,160.6282623,6.380654905,2.039359488,4.341295417,-7.6,1923.848259,na,na
OMD,omb,dr,Evergreen shrubs,VaccOxyc,7,0.054697354,0.016081782,160.6282623,8.785940876,2.583188684,6.202752192,-14.2,1923.848259,na,na
OMD,omb,dr,Evergreen shrubs,VaccOxyc,8,0.021691094,0.016928191,160.6282623,3.484202707,2.719145983,0.765056723,-18.2,1923.848259,na,na
OMD,omb,dr,Evergreen shrubs,VaccOxyc,9,0.04925525,0.008464096,160.6282623,7.911785288,1.359572992,6.552212297,-5.2,1923.848259,na,na
OMD,omb,dr,Deciduous shrubs,VaccUlig,1,0.0178514,0,112.0888625,2.000943145,0,2.000943145,-12.2,1923.848259,na,na
OMD,omb,dr,Deciduous shrubs,VaccUlig,2,0,0,112.0888625,0,0,0,-7.4,1923.848259,na,na
OMD,omb,dr,Deciduous shrubs,VaccUlig,3,0,0,112.0888625,0,0,0,-18.4,1923.848259,na,na
OMD,omb,dr,Deciduous shrubs,VaccUlig,4,0,0,112.0888625,0,0,0,-8.2,1923.848259,na,na
OMD,omb,dr,Deciduous shrubs,VaccUlig,5,0.004050324,0,112.0888625,0.453996255,0,0.453996255,-17.2,1923.848259,na,na
OMD,omb,dr,Deciduous shrubs,VaccUlig,6,0,0,112.0888625,0,0,0,-7.6,1923.848259,na,na
OMD,omb,dr,Deciduous shrubs,VaccUlig,7,0,0,112.0888625,0,0,0,-14.2,1923.848259,na,na
OMD,omb,dr,Deciduous shrubs,VaccUlig,8,0,0,112.0888625,0,0,0,-18.2,1923.848259,na,na
OMD,omb,dr,Deciduous shrubs,VaccUlig,9,0,0,112.0888625,0,0,0,-5.2,1923.848259,na,na
OMD,omb,dr,Graminoids,CarePauc,1,0,0,148.6032254,0,0,0,-12.2,1923.848259,na,na
OMD,omb,dr,Graminoids,CarePauc,2,0,0,148.6032254,0,0,0,-7.4,1923.848259,na,na
OMD,omb,dr,Graminoids,CarePauc,3,0,0,148.6032254,0,0,0,-18.4,1923.848259,na,na
OMD,omb,dr,Graminoids,CarePauc,4,0,0,148.6032254,0,0,0,-8.2,1923.848259,na,na
OMD,omb,dr,Graminoids,CarePauc,5,0,0,148.6032254,0,0,0,-17.2,1923.848259,na,na
OMD,omb,dr,Graminoids,CarePauc,6,0,0,148.6032254,0,0,0,-7.6,1923.848259,na,na
OMD,omb,dr,Graminoids,CarePauc,7,0.001354167,0,148.6032254,0.201233534,0,0.201233534,-14.2,1923.848259,na,na
OMD,omb,dr,Graminoids,CarePauc,8,0,0,148.6032254,0,0,0,-18.2,1923.848259,na,na
OMD,omb,dr,Graminoids,CarePauc,9,0.001625,0,148.6032254,0.241480241,0,0.241480241,-5.2,1923.848259,na,na
OMD,omb,dr,Graminoids,ErioVagi,1,0.153619711,0.015611979,182.6900933,28.06479941,2.85215393,25.21264548,-12.2,1923.848259,na,na
OMD,omb,dr,Graminoids,ErioVagi,2,0.171189762,0.032643229,182.6900933,31.27467366,5.963594581,25.31107908,-7.4,1923.848259,na,na
OMD,omb,dr,Graminoids,ErioVagi,3,0.187877864,0.028385417,182.6900933,34.32342447,5.185734418,29.13769005,-18.4,1923.848259,na,na
OMD,omb,dr,Graminoids,ErioVagi,4,0.130278827,0.026966146,182.6900933,23.80065096,4.926447697,18.87420327,-8.2,1923.848259,na,na
OMD,omb,dr,Graminoids,ErioVagi,5,0.043255067,0.008515625,182.6900933,7.90227224,1.555720325,6.346551915,-17.2,1923.848259,na,na
OMD,omb,dr,Graminoids,ErioVagi,6,0.052372396,0.012773438,182.6900933,9.567917879,2.333580488,7.234337391,-7.6,1923.848259,na,na
OMD,omb,dr,Graminoids,ErioVagi,7,0.107215783,0.012773438,182.6900933,19.58726135,2.333580488,17.25368086,-14.2,1923.848259,na,na
OMD,omb,dr,Graminoids,ErioVagi,8,0.101969648,0.032643229,182.6900933,18.62884451,5.963594581,12.66524993,-18.2,1923.848259,na,na
OMD,omb,dr,Graminoids,ErioVagi,9,0.218316102,0.039739583,182.6900933,39.88418907,7.260028185,32.62416089,-5.2,1923.848259,na,na
OMD,omb,dr,Graminoids,RhynAlba,1,0,0,130.5483867,0,0,0,-12.2,1923.848259,na,na
OMD,omb,dr,Graminoids,RhynAlba,2,0,0,130.5483867,0,0,0,-7.4,1923.848259,na,na
OMD,omb,dr,Graminoids,RhynAlba,3,0,0,130.5483867,0,0,0,-18.4,1923.848259,na,na
OMD,omb,dr,Graminoids,RhynAlba,4,0,0,130.5483867,0,0,0,-8.2,1923.848259,na,na
OMD,omb,dr,Graminoids,RhynAlba,5,0,0,130.5483867,0,0,0,-17.2,1923.848259,na,na
OMD,omb,dr,Graminoids,RhynAlba,6,0,0,130.5483867,0,0,0,-7.6,1923.848259,na,na
OMD,omb,dr,Graminoids,RhynAlba,7,0,0,130.5483867,0,0,0,-14.2,1923.848259,na,na
OMD,omb,dr,Graminoids,RhynAlba,8,0,0,130.5483867,0,0,0,-18.2,1923.848259,na,na
OMD,omb,dr,Graminoids,RhynAlba,9,0,0,130.5483867,0,0,0,-5.2,1923.848259,na,na
OMD,omb,dr,Graminoids,TricCesp,1,0.543616071,0.086953125,264.662862,143.8749853,23.01326292,120.8617224,-12.2,1923.848259,na,na
OMD,omb,dr,Graminoids,TricCesp,2,0,0,264.662862,0,0,0,-7.4,1923.848259,na,na
OMD,omb,dr,Graminoids,TricCesp,3,0,0,264.662862,0,0,0,-18.4,1923.848259,na,na
OMD,omb,dr,Graminoids,TricCesp,4,0,0,264.662862,0,0,0,-8.2,1923.848259,na,na
OMD,omb,dr,Graminoids,TricCesp,5,0,0,264.662862,0,0,0,-17.2,1923.848259,na,na
OMD,omb,dr,Graminoids,TricCesp,6,0,0,264.662862,0,0,0,-7.6,1923.848259,na,na
OMD,omb,dr,Graminoids,TricCesp,7,0,0,264.662862,0,0,0,-14.2,1923.848259,na,na
OMD,omb,dr,Graminoids,TricCesp,8,0,0,264.662862,0,0,0,-18.2,1923.848259,na,na
OMD,omb,dr,Graminoids,TricCesp,9,0,0,264.662862,0,0,0,-5.2,1923.848259,na,na
OMD,omb,dr,Forbs,DrosLong,1,0,0,48.58490566,0,0,0,-12.2,1923.848259,na,na
OMD,omb,dr,Forbs,DrosLong,2,0,0,48.58490566,0,0,0,-7.4,1923.848259,na,na
OMD,omb,dr,Forbs,DrosLong,3,0,0,48.58490566,0,0,0,-18.4,1923.848259,na,na
OMD,omb,dr,Forbs,DrosLong,4,0.016454545,0,48.58490566,0.799442539,0,0.799442539,-8.2,1923.848259,na,na
OMD,omb,dr,Forbs,DrosLong,5,0,0,48.58490566,0,0,0,-17.2,1923.848259,na,na
OMD,omb,dr,Forbs,DrosLong,6,0,0,48.58490566,0,0,0,-7.6,1923.848259,na,na
OMD,omb,dr,Forbs,DrosLong,7,0,0,48.58490566,0,0,0,-14.2,1923.848259,na,na
OMD,omb,dr,Forbs,DrosLong,8,0,0,48.58490566,0,0,0,-18.2,1923.848259,na,na
OMD,omb,dr,Forbs,DrosLong,9,0,0,48.58490566,0,0,0,-5.2,1923.848259,na,na
OMD,omb,dr,Forbs,DrosRotu,1,0,0,39.31034483,0,0,0,-12.2,1923.848259,na,na
OMD,omb,dr,Forbs,DrosRotu,2,0,0,39.31034483,0,0,0,-7.4,1923.848259,na,na
OMD,omb,dr,Forbs,DrosRotu,3,0.001823723,0,39.31034483,0.071691171,0,0.071691171,-18.4,1923.848259,na,na
OMD,omb,dr,Forbs,DrosRotu,4,0.011823551,0,39.31034483,0.464787854,0,0.464787854,-8.2,1923.848259,na,na
OMD,omb,dr,Forbs,DrosRotu,5,0,0,39.31034483,0,0,0,-17.2,1923.848259,na,na
OMD,omb,dr,Forbs,DrosRotu,6,0.026010634,0,39.31034483,1.022486993,0,1.022486993,-7.6,1923.848259,na,na
OMD,omb,dr,Forbs,DrosRotu,7,0.006986322,0,39.31034483,0.274634719,0,0.274634719,-14.2,1923.848259,na,na
OMD,omb,dr,Forbs,DrosRotu,8,0,0,39.31034483,0,0,0,-18.2,1923.848259,na,na
OMD,omb,dr,Forbs,DrosRotu,9,0,0,39.31034483,0,0,0,-5.2,1923.848259,na,na
OMD,omb,dr,Forbs,RubuCham,1,0.01375013,0,111.2878884,1.530222967,0,1.530222967,-12.2,1923.848259,na,na
OMD,omb,dr,Forbs,RubuCham,2,0.028209821,0,111.2878884,3.139411459,0,3.139411459,-7.4,1923.848259,na,na
OMD,omb,dr,Forbs,RubuCham,3,0.09065656,0,111.2878884,10.0889771,0,10.0889771,-18.4,1923.848259,na,na
OMD,omb,dr,Forbs,RubuCham,4,0,0,111.2878884,0,0,0,-8.2,1923.848259,na,na
OMD,omb,dr,Forbs,RubuCham,5,0.107144503,0,111.2878884,11.92388546,0,11.92388546,-17.2,1923.848259,na,na
OMD,omb,dr,Forbs,RubuCham,6,0,0,111.2878884,0,0,0,-7.6,1923.848259,na,na
OMD,omb,dr,Forbs,RubuCham,7,0,0,111.2878884,0,0,0,-14.2,1923.848259,na,na
OMD,omb,dr,Forbs,RubuCham,8,0.044870031,0,111.2878884,4.99349098,0,4.99349098,-18.2,1923.848259,na,na
OMD,omb,dr,Forbs,RubuCham,9,0,0,111.2878884,0,0,0,-5.2,1923.848259,na,na
OMD,omb,dr,Forbs,SchePalu,1,0,0,166.6286563,0,0,0,-12.2,1923.848259,na,na
OMD,omb,dr,Forbs,SchePalu,2,0,0,166.6286563,0,0,0,-7.4,1923.848259,na,na
OMD,omb,dr,Forbs,SchePalu,3,0,0,166.6286563,0,0,0,-18.4,1923.848259,na,na
OMD,omb,dr,Forbs,SchePalu,4,0,0,166.6286563,0,0,0,-8.2,1923.848259,na,na
OMD,omb,dr,Forbs,SchePalu,5,0,0,166.6286563,0,0,0,-17.2,1923.848259,na,na
OMD,omb,dr,Forbs,SchePalu,6,0.0125625,0,166.6286563,2.093272495,0,2.093272495,-7.6,1923.848259,na,na
OMD,omb,dr,Forbs,SchePalu,7,0,0,166.6286563,0,0,0,-14.2,1923.848259,na,na
OMD,omb,dr,Forbs,SchePalu,8,0,0,166.6286563,0,0,0,-18.2,1923.848259,na,na
OMD,omb,dr,Forbs,SchePalu,9,0,0,166.6286563,0,0,0,-5.2,1923.848259,na,na
OMD,omb,dr,Tree seedlings,PinuSylv_S,1,0.032918218,0.011179356,308.5718687,10.15763609,3.449634883,6.708001208,-12.2,1923.848259,na,na
OMD,omb,dr,Tree seedlings,PinuSylv_S,2,0.0201375,0.018259615,308.5718687,6.213866007,5.634403642,0.579462365,-7.4,1923.848259,na,na
OMD,omb,dr,Tree seedlings,PinuSylv_S,3,0.01839266,0.006521291,308.5718687,5.67545739,2.012287015,3.663170375,-18.4,1923.848259,na,na
OMD,omb,dr,Tree seedlings,PinuSylv_S,4,0.009098049,0.000931613,308.5718687,2.807402101,0.287469574,2.519932527,-8.2,1923.848259,na,na
OMD,omb,dr,Tree seedlings,PinuSylv_S,5,0.01465571,0.005589678,308.5718687,4.522339728,1.724817441,2.797522287,-17.2,1923.848259,na,na
OMD,omb,dr,Tree seedlings,PinuSylv_S,6,0,0,308.5718687,0,0,0,-7.6,1923.848259,na,na
OMD,omb,dr,Tree seedlings,PinuSylv_S,7,0.017168476,0.006521291,308.5718687,5.29770879,2.012287015,3.285421775,-14.2,1923.848259,na,na
OMD,omb,dr,Tree seedlings,PinuSylv_S,8,0.019074203,0.006521291,308.5718687,5.885762361,2.012287015,3.873475347,-18.2,1923.848259,na,na
OMD,omb,dr,Tree seedlings,PinuSylv_S,9,0,0,308.5718687,0,0,0,-5.2,1923.848259,na,na
OMD,omb,dr,Tree seedlings,PinuSylv_G,1,0.032918218,0,308.5718687,10.15763609,0,10.15763609,-12.2,1923.848259,na,na
OMD,omb,dr,Tree seedlings,PinuSylv_G,2,0,0,308.5718687,0,0,0,-7.4,1923.848259,na,na
OMD,omb,dr,Tree seedlings,PinuSylv_G,3,0.01839266,0,308.5718687,5.67545739,0,5.67545739,-18.4,1923.848259,na,na
OMD,omb,dr,Tree seedlings,PinuSylv_G,4,0.009098049,0,308.5718687,2.807402101,0,2.807402101,-8.2,1923.848259,na,na
OMD,omb,dr,Tree seedlings,PinuSylv_G,5,0.01465571,0,308.5718687,4.522339728,0,4.522339728,-17.2,1923.848259,na,na
OMD,omb,dr,Tree seedlings,PinuSylv_G,6,0,0,308.5718687,0,0,0,-7.6,1923.848259,na,na
OMD,omb,dr,Tree seedlings,PinuSylv_G,7,0.017168476,0,308.5718687,5.29770879,0,5.29770879,-14.2,1923.848259,na,na
OMD,omb,dr,Tree seedlings,PinuSylv_G,8,0.019074203,0,308.5718687,5.885762361,0,5.885762361,-18.2,1923.848259,na,na
OMD,omb,dr,Tree seedlings,PinuSylv_G,9,0,0,308.5718687,0,0,0,-5.2,1923.848259,na,na
