ID,PaperID,Data_Extractor,DOI,Publication_year,First_author,Title,Country,Elevation,Latitude,Longitude,Case_ID,Exp_or_Obs,Control_details,Treatment_details,Taxa_excluded,Time_frame,SR_or_FG,FG_Group,Peatland_type,Control_mean,Control_n,Control_var,Control_WTD_mean,Control_WTD_n,Control_WTD_var,Treatment_mean,Treatment_n,Treatment_var,Treatment_WTD_mean,Treatment_WTD_n,Treatment_WTD_var,WTD_Difference,Mean_unit,Biodiversity_Variance_unit,WTD_Variance_unit,Data_Source,Notes
1,6,North,10.1007/s10021-009-9283-z,2009,Meaghan Murphy,Effects of Water Table Drawdown on Root Production and Aboveground Biomass in a Boreal Bog,Finland,150,61.8,24.32,1,Obs,Half of a peatland was drained in 1961,Half of a peatland was drained in 1961,Moss,47,SR,NA,Bog,,19,,-20,70,10,,20,,-35,70,7,-15,count,,SE,WTD estimated from figures,WTD was likely much lower 20-30 years ago and has raised as ditches lost their efficienct. SR was measured but seemingly not reported?
2,6,North,10.1007/s10021-009-9283-z,2009,Meaghan Murphy,Effects of Water Table Drawdown on Root Production and Aboveground Biomass in a Boreal Bog,Finland,150,61.8,24.32,1,Obs,Half of a peatland was drained in 1961,Half of a peatland was drained in 1961,Moss,47,FG,Tree,Bog,3.81,19,5.42,-20,70,10,28.07,20,24.02,-35,70,7,-15,"below ground biomass, g m-2 y-1",SE,SE,"Reported in text - note that the treatment number specified ""fine root production"". WTD estimated from figures",
3,6,North,10.1007/s10021-009-9283-z,2009,Meaghan Murphy,Effects of Water Table Drawdown on Root Production and Aboveground Biomass in a Boreal Bog,Finland,150,61.8,24.32,1,Obs,Half of a peatland was drained in 1961,Half of a peatland was drained in 1961,Moss,47,FG,Shrub,Bog,30.94,19,25.92,-20,70,10,38.96,20,52.31,-35,70,7,-15,"below ground biomass, g m-2 y-1",SE,SE,Reported in text. WTD estimated from figures,
4,6,North,10.1007/s10021-009-9283-z,2009,Meaghan Murphy,Effects of Water Table Drawdown on Root Production and Aboveground Biomass in a Boreal Bog,Finland,150,61.8,24.32,1,Obs,Half of a peatland was drained in 1961,Half of a peatland was drained in 1961,Moss,47,FG,Herb,Bog,27.62,19,16.4,-20,70,10,10.58,20,15.67,-35,70,7,-15,"below ground biomass, g m-2 y-1",SE,SE,Reported in text. WTD estimated from figures,
5,12,North,10.1111/gcb.16907,2023,Egle Köster,Water level drawdown makes boreal peatland vegetation more responsive to weather conditions,Finland,150,61.8,24.32,2,Exp,Control and WLD sites 20m apart established,,,20,SR,NA,Rich fen,23,8,0,-16.2,47,9.2,23,8,0,-20.7,48,11,-4.5,count,SD,SD,"SR extracted from provided data, but might not be useful. WTD reported in table 2 (2021 numbers)",
6,12,North,10.1111/gcb.16907,2023,Egle Köster,Water level drawdown makes boreal peatland vegetation more responsive to weather conditions,Finland,150,61.8,24.32,2,Exp,Control and WLD sites 20m apart established,,,20,SR,NA,Poor fen,9,14,0,-15.2,53,7.5,9,15,0,-25.5,53,10.2,-10.3,count,SD,SD,"SR extracted from provided data, but might not be useful. WTD reported in table 2 (2021 numbers)",
7,12,North,10.1111/gcb.16907,2023,Egle Köster,Water level drawdown makes boreal peatland vegetation more responsive to weather conditions,Finland,150,61.8,24.32,2,Exp,Control and WLD sites 20m apart established,,,20,SR,NA,Bog,10,12,0,-11.8,60,9.6,9,14,0,-18.8,54,12.8,-7,count,SD,SD,"SR extracted from provided data, but might not be useful. WTD reported in table 2 (2021 numbers)",
8,12,North,10.1111/gcb.16907,2023,Egle Köster,Water level drawdown makes boreal peatland vegetation more responsive to weather conditions,Finland,150,61.8,24.32,2,Exp,Control and WLD sites 20m apart established,,,20,FG,Tree,Rich fen,8.44,8,16.4,-16.2,47,9.2,1.7,8,2.04,-20.7,48,11,-4.5,Max biomass production (g),SD,SD,Extracted from provided CSV (2021 data) with R. WTD reported in table 2 (2021 numbers),
9,12,North,10.1111/gcb.16907,2023,Egle Köster,Water level drawdown makes boreal peatland vegetation more responsive to weather conditions,Finland,150,61.8,24.32,2,Exp,Control and WLD sites 20m apart established,,,20,FG,Tree,Poor fen,4.47,9,5.19,-15.2,53,7.5,11,9,13,-25.5,53,10.2,-10.3,Max biomass production (g),SD,SD,Extracted from provided CSV (2021 data) with R. WTD reported in table 2 (2021 numbers),
10,12,North,10.1111/gcb.16907,2023,Egle Köster,Water level drawdown makes boreal peatland vegetation more responsive to weather conditions,Finland,150,61.8,24.32,2,Exp,Control and WLD sites 20m apart established,,,20,FG,Tree,Bog,0.194,10,0.395,-11.8,60,9.6,4.16,9,3.17,-18.8,54,12.8,-7,Max biomass production (g),SD,SD,Extracted from provided CSV (2021 data) with R. WTD reported in table 2 (2021 numbers),
11,12,North,10.1111/gcb.16907,2023,Egle Köster,Water level drawdown makes boreal peatland vegetation more responsive to weather conditions,Finland,150,61.8,24.32,2,Exp,Control and WLD sites 20m apart established,,,20,FG,Shrub,Rich fen,13.3,8,5.46,-16.2,47,9.2,0.782,8,0.869,-20.7,48,11,-4.5,Max biomass production (g),SD,SD,Extracted from provided CSV (2021 data) with R. WTD reported in table 2 (2021 numbers),
12,12,North,10.1111/gcb.16907,2023,Egle Köster,Water level drawdown makes boreal peatland vegetation more responsive to weather conditions,Finland,150,61.8,24.32,2,Exp,Control and WLD sites 20m apart established,,,20,FG,Shrub,Poor fen,14.3,9,5.86,-15.2,53,7.5,22.2,9,5.18,-25.5,53,10.2,-10.3,Max biomass production (g),SD,SD,Extracted from provided CSV (2021 data) with R. WTD reported in table 2 (2021 numbers),
13,12,North,10.1111/gcb.16907,2023,Egle Köster,Water level drawdown makes boreal peatland vegetation more responsive to weather conditions,Finland,150,61.8,24.32,2,Exp,Control and WLD sites 20m apart established,,,20,FG,Shrub,Bog,5.17,10,4.78,-11.8,60,9.6,9.75,9,4.57,-18.8,54,12.8,-7,Max biomass production (g),SD,SD,Extracted from provided CSV (2021 data) with R. WTD reported in table 2 (2021 numbers),
14,12,North,10.1111/gcb.16907,2023,Egle Köster,Water level drawdown makes boreal peatland vegetation more responsive to weather conditions,Finland,150,61.8,24.32,2,Exp,Control and WLD sites 20m apart established,,,20,FG,Herb,Rich fen,9.47,8,3.57,-16.2,47,9.2,4.95,8,3.05,-20.7,48,11,-4.5,Max biomass production (g),SD,SD,Extracted from provided CSV (2021 data) with R. WTD reported in table 2 (2021 numbers),
15,12,North,10.1111/gcb.16907,2023,Egle Köster,Water level drawdown makes boreal peatland vegetation more responsive to weather conditions,Finland,150,61.8,24.32,2,Exp,Control and WLD sites 20m apart established,,,20,FG,Herb,Poor fen,14.1,9,8.64,-15.2,53,7.5,11.4,9,7.84,-25.5,53,10.2,-10.3,Max biomass production (g),SD,SD,Extracted from provided CSV (2021 data) with R. WTD reported in table 2 (2021 numbers),
16,12,North,10.1111/gcb.16907,2023,Egle Köster,Water level drawdown makes boreal peatland vegetation more responsive to weather conditions,Finland,150,61.8,24.32,2,Exp,Control and WLD sites 20m apart established,,,20,FG,Herb,Bog,5.01,10,2.22,-11.8,60,9.6,5.47,9,6.22,-18.8,54,12.8,-7,Max biomass production (g),SD,SD,Extracted from provided CSV (2021 data) with R. WTD reported in table 2 (2021 numbers),
17,300,Rifath,https://link.springer.com/article/10.1023/A:1004466330076,1999,Minkkinen,Post-drainage changes in vegetation composition and carbon balance in Lakkasuo mire,Finland,100,61.8,24.31,3,Obs,,,NA,30,FG,,"tall sedge fen, tall sedge pine fen, dwarf shrub pine bog, cottongrass pine bog",,,,,,,,,,,,,0,,,NA,"Fig. 5 (FG cover), Table 1 (WTD), Table 4/5 (CCA eigenvalues)",
18,31,North,10.1016/j.baae.2008.05.005,2008,"Breeuwer, Angela",Decreased summer water table depth affects peatland vegetation,Sweden,172,56.85,13.45,4,Exp,Cores taken from bog and grown in containers with constant WTD at the level of the actual site at the time of collection,Cores taken from site and grown in fluctuating conditions (from -14 to -8),Tree,2,FG,Moss,Bog,999.8,6,131.99,-6.176,33,1.352,805.7,9,112.64,-10.44,33,1.981,-4.264,Summer biomass production g m-2,SE,SD,WTD from Fig 1 (WebPlotDigitizer). Moss production from Table 4.Reported as three species - means were summed and reported SE  was converted to variance and added - note this assumes independence so it is likely an underestimation of variance,"Treatment is fluctuating water table, but was overll lower than the control"
25,31,North,10.1016/j.baae.2008.05.005,2008,"Breeuwer, Angela",Decreased summer water table depth affects peatland vegetation,Sweden,172,56.85,13.45,4,Exp,Cores taken from bog and grown in containers with constant WTD at the level of the actual site at the time of collection,Cores taken from site and grown in fluctuating conditions (from -14 to -8),Tree,2,FG,Herb,Bog,176.3,6,29,-6.176,33,1.352,122.3,9,16.7,-10.44,33,1.981,-4.264,Change in biomass production (number of hits),SE,SD,"WTD from Fig 1 (WebPlotDigitizer). Herb change in  production from ""Graminoids"" in Table 3. ","Treatment is fluctuating water table, but was overll lower than the control"
26,31,North,10.1016/j.baae.2008.05.005,2008,"Breeuwer, Angela",Decreased summer water table depth affects peatland vegetation,Sweden,172,56.85,13.45,4,Exp,Cores taken from bog and grown in containers with constant WTD at the level of the actual site at the time of collection,Cores taken from site and grown in fluctuating conditions (from -14 to -8),Tree,2,FG,Shrub,Bog,-1.7,6,3.5,-6.176,33,1.352,6.6,9,2.2,-10.44,33,1.981,-4.264,Change in biomass production (number of hits),SE,SD,"WTD from Fig 1 (WebPlotDigitizer). Shrub change in production from ""Ericoids"" in table 3. ","Treatment is fluctuating water table, but was overll lower than the control"
19,148,Rifath,https://doi.org/10.1111/1365-2435.13883,2021,Laine,Impact of long-term water level drawdown on functional plant trait composition of northern peatlands,Finland,277,61.7,24.3,5,Exp,"Undrained control subsite, rich fen, 40 permanent plots, no WLD treatment","WLD subsite rich fen, surrounded by 30 cm deep ditches from 2000",NA,15,FG,Vascular plant,Rich fen,25,40,237.95,NA ,40,NA,70,40,2386.15,NA,40,NA,40,pct cover,SE,NA,Fig. 8; Methods p.2344 for n and design,Cover values approximated from Fig. 8 — use WebPlotDigitizer for precision. WTD not reported in main text; see Kokkonen et al. 2019 PANGAEA dataset.(approx 40cm difference) Bog vascular cover unchanged by WLD (both ~5%)
20,148,Rifath,https://doi.org/10.1111/1365-2435.13884,2021,Laine,Impact of long-term water level drawdown on functional plant trait composition of northern peatlands,Finland,277,61.7,24.3,5,Exp,"Undrained control subsite, poor fen, 40 permanent plots","WLD subsite poor fen, 30 cm deep ditches from 2001",NA,15,FG,Vascular plant,Poor fen,35,40,1295.52,NA ,40,NA,50,40,951.81,NA,40,NA,40,pct cover,SE,NA,Fig. 8; Methods p.2344 for n and design,Cover values approximated from Fig. 8 — use WebPlotDigitizer for precision. WTD not reported in main text; see Kokkonen et al. 2019 PANGAEA dataset. Bog vascular cover unchanged by WLD (both ~5%)
21,148,Rifath,https://doi.org/10.1111/1365-2435.13884,2021,Laine,Impact of long-term water level drawdown on functional plant trait composition of northern peatlands,Finland,277,61.7,24.3,5,Exp,"Undrained control subsite, bog, 40 permanent plots","WLD subsite bog, 30 cm deep ditches from 2000",NA,15,FG,Vascular plant,Bog,5,40,535.4,NA ,40,NA,5,40,535.4,NA,40,NA,40,pct cover,SE,NA,Fig. 8; Methods p.2344 for n and design,Cover values approximated from Fig. 8 — use WebPlotDigitizer for precision. WTD not reported in main text; see Kokkonen et al. 2019 PANGAEA dataset. fen vascular cover unchanged by WLD
22,148,Rifath,https://doi.org/10.1111/1365-2435.13885,2021,Laine,Impact of long-term water level drawdown on functional plant trait composition of northern peatlands,Finland,277,61.7,24.3,5,Exp,"Undrained control subsite, rich fen",WLD subsite rich fen,NA,15,FG,Sphagnum moss,Rich fen,80,40,2141.58,NA ,40,NA,30,40,1692.11,NA,40,NA,40,pct cover,SE,NA,Fig. 8; Methods p.2344 for n and design,Rich fen Sphagnum drops dramatically from ~80 to ~30% with WLD
23,148,Rifath,https://doi.org/10.1111/1365-2435.13886,2021,Laine,Impact of long-term water level drawdown on functional plant trait composition of northern peatlands,Finland,277,61.7,24.3,5,Exp,"Undrained control subsite, poor fen",WLD subsite poor fen,NA,15,FG,Sphagnum moss,Poor fen,80,40,799.78,NA ,40,NA,60,40,1692.11,NA,40,NA,40,pct cover,SE,NA,Fig. 8; Methods p.2344 for n and design,Poor fen Sphagnum declines moderately
24,148,Rifath,https://doi.org/10.1111/1365-2435.13887,2021,Laine,Impact of long-term water level drawdown on functional plant trait composition of northern peatlands,Finland,277,61.7,24.3,5,Exp,"Undrained control subsite, bog",WLD subsite bog,NA,15,FG,Sphagnum moss,Bog,90,40,1117.06,NA ,40,NA,90,40,1117.06,NA,40,NA,40,pct cover,SE,NA,Fig. 8; Methods p.2344 for n and design,Bog Sphagnum cover stable (~90%) in both treatment and control — WLD had minimal effect
25,34,North,10.1016/j.foreco.2014.07.004,2014,"Maanavilja, Liisa",Impact of drainage and hydrological restoration on vegetation structure in boreal spruce swamp forests,Finland,105,61.1,24.4,6,Obs,Undrained peatlands,Swamps drained between 1911 to 1965,,76.6,SR,NA,Spruce swamp,27.6,9,1.8,-19,9,3,29.6,9,2.6,-41,9,4,-22,Species richness per site,SE,SE,"Time, latitude, elevation are averages of the drained and undrained sites taken from Appendix A. Species Richness per site from Table 5","SR was higher in drained sites, function of increased evenness, threatened species are in undrained sites"
26,34,North,10.1016/j.foreco.2014.07.004,2014,"Maanavilja, Liisa",Impact of drainage and hydrological restoration on vegetation structure in boreal spruce swamp forests,Finland,105,61.1,24.4,6,Obs,Undrained peatlands,Swamps drained between 1911 to 1965,,76.6,FG,Moss,Spruce swamp,59.294,9,6.77,-19,9,3,34.196,9,4.253,-41,9,4,-22,pct cover,SE,SE,"Time, latitude, elevation are averages of the drained and undrained sites taken from Appendix A. % cover of mosses, shrubs, herbs from Fig 5 (WebPlotDigitizer). SD was converted to variance and summed for the different moss species",
27,34,North,10.1016/j.foreco.2014.07.004,2014,"Maanavilja, Liisa",Impact of drainage and hydrological restoration on vegetation structure in boreal spruce swamp forests,Finland,105,61.1,24.4,6,Obs,Undrained peatlands,Swamps drained between 1911 to 1965,,76.6,FG,Herb,Spruce swamp,2.964,9,0.6567,-19,9,3,2.352,9,0.7144,-41,9,4,-22,pct cover,SE,SE,"Time, latitude, elevation are averages of the drained and undrained sites taken from Appendix A. % cover of mosses, shrubs, herbs from Fig 5 (WebPlotDigitizer). SD was converted to variance and summed for herbs and graminoids",
28,34,North,10.1016/j.foreco.2014.07.004,2014,"Maanavilja, Liisa",Impact of drainage and hydrological restoration on vegetation structure in boreal spruce swamp forests,Finland,105,61.1,24.4,6,Obs,Undrained peatlands,Swamps drained between 1911 to 1965,,76.6,FG,Shrub,Spruce swamp,11.388,9,1.331,-19,9,3,7.718,9,1.055,-41,9,4,-22,pct cover,SE,SE,"Time, latitude, elevation are averages of the drained and undrained sites taken from Appendix A. % cover of mosses, shrubs, herbs from Fig 5 (WebPlotDigitizer). SD was converted to variance and summed for evergreen and deciduous shrubs",
29,34,North,10.1016/j.foreco.2014.07.004,2014,"Maanavilja, Liisa",Impact of drainage and hydrological restoration on vegetation structure in boreal spruce swamp forests,Finland,105,61.1,24.4,6,Obs,Undrained peatlands,Swamps drained between 1911 to 1965,,76.6,FG,Tree,Spruce swamp,243,9,22,-19,9,3,333,9,39,-41,9,4,-22,Tree stand volume m3 ha-1,SE,SE,"Time, latitude, elevation are averages of the drained and undrained sites taken from Appendix A. Tree volume reported in text section 3.1.",
30,56,North,10.1080/17550874.2012.688069,2012,"Urbanova, Zuzana",Vegetation and carbon gas dynamics under a changed hydrological regime in central European peatlands,Czechia,1085,49.04625,13.3875,7,Obs,Plots in intact bog in national park,Plots from drained bog about 50 years ago in Kremelna River Valley,"Trees, moss",50,FG,Herb,Bog,4.757,6,0.946,-6.75,6,5.44,8.37,6,3.88,-32.267,6,18.1,-25.517,Vascular green area (m2 m-2),SD,SD,"WTD and n from Table 2, Functional Group VGA from Fig 1C",Variance not reported in VGA breakdown by functional group in fig 1C. Elevation and coords averaged between treatment and control
31,56,North,10.1080/17550874.2012.688069,2012,"Urbanova, Zuzana",Vegetation and carbon gas dynamics under a changed hydrological regime in central European peatlands,Czechia,1085,49.04625,13.3875,7,Obs,Plots in intact bog in national park,Plots from drained bog about 50 years ago in Kremelna River Valley,"Trees, moss",50,FG,Shrub,Bog,0.454,6,0.199,-6.75,6,5.44,3.049,6,1.153,-32.267,6,18.1,-25.517,Vascular green area (m2 m-2),SD,SD,"WTD and n from Table 2, Functional Group VGA from Fig 1C",Variance not reported in VGA breakdown by functional group in fig 1C. Elevation and coords averaged between treatment and control
32,56,North,10.1080/17550874.2012.688069,2012,"Urbanova, Zuzana",Vegetation and carbon gas dynamics under a changed hydrological regime in central European peatlands,Czechia,1085,49.04625,13.3875,7,Obs,Plots in intact bog in national park,Plots from drained bog about 50 years ago in Kremelna River Valley,"Trees, moss",50,FG,Herb,Fen,2.465,4,0.954,-7.2,4,3.2,6.789,6,16.263,-28.1,6,16.26,-20.9,Vascular green area (m2 m-2),SD,SD,"WTD and n from Table 2, Functional Group VGA from Fig 1C",Variance not reported in VGA breakdown by functional group in fig 1C. Elevation and coords averaged between treatment and control
33,56,North,10.1080/17550874.2012.688069,2012,"Urbanova, Zuzana",Vegetation and carbon gas dynamics under a changed hydrological regime in central European peatlands,Czechia,867.5,49.167361,13.3472225,7,Obs,Plots in intact fen,Plots from drained fen about 50 years ago in Kremelna River Valley,"Trees, moss",50,FG,Shrub,Fen,0.195,4,1.8,-7.2,4,3.2,0,6,0,-28.1,6,16.26,-20.9,Vascular green area (m2 m-2),SD,SD,"WTD and n from Table 2, Functional Group VGA from Fig 1C",Variance not reported in VGA breakdown by functional group in fig 1C. Elevation and coords averaged between treatment and control
34,58,North,https://www.suo.fi/article/9783,1999,"Hotanen, Juha-Pekka",Vegetation succession and diversity on Teuravuoma experimental drainage area in northern Finland,Finland,150,67.31,24,8,Exp,Plots from an aapa mire conference before it was drained in 1933,The same plots in 1994 after 61 years,None,61,SR,NA,Fen,38.964,6,2.91,,,,46.129,6,3.7998,,,,?,Species richness per site,SE,,"Fig 9, control is 1933 and treatment is 1994, mean of sites and between site SD is reported.","No WTD reported, just the number of ditchse that were dug."
35,61,North,10.1111/jvs.12794,2019,"Kokkonen, Nicola",Responses of peatland vegetation to 15-year water level drawdown as mediated by fertility level,Finland,150,61.8,24.32,9,Exp,"Raised peatland complex, undrained","Raised peatlad complex, drained with 30cm ditches 2001",None,15,SR,NA,Rich fen,51,,,-3.153,6,2.24,40,,,-20.7,5,2.3,-17.547,Species Richness,,SD,"SR reported directly in text (3.2, 3.3) - hopefully I can find SR per site, n and variance in the appendix",
36,61,North,10.1111/jvs.12794,2019,"Kokkonen, Nicola",Responses of peatland vegetation to 15-year water level drawdown as mediated by fertility level,Finland,150,61.8,24.32,9,Exp,"Raised peatland complex, undrained","Raised peatlad complex, drained with 30cm ditches 2002",None,14,SR,NA,Poor fen,26,,,-18.2,6,4.5,24,,,-27.4,5,4.1,-9.2,Species Richness,,SD,"SR reported directly in text (3.2, 3.3) - hopefully I can find SR per site, n and variance in the appendix",
37,61,North,10.1111/jvs.12794,2019,"Kokkonen, Nicola",Responses of peatland vegetation to 15-year water level drawdown as mediated by fertility level,Finland,150,61.8,24.32,9,Exp,"Raised peatland complex, undrained","Raised peatlad complex, drained with 30cm ditches 2001",None,15,SR,NA,Bog,26,,,-9.54,6,3.2,24,,,-13.1,5,6.7,-3.56,Species Richness,,SD,"SR reported directly in text (3.2, 3.3) - hopefully I can find SR per site, n and variance in the appendix",
38,67,North,10.1111/gcb.16003,2022,"Andrews, Luke O",Plant community responses to experimental climate manipulation in a Welsh ombrotrophic peatland and their palaeoenvironmental context,UK,1,52.5,-4.01,10,Exp,"Raised bog, partially drained and restored. Study plots are on sphagnum lawns eith hydrologically isolated open top containers","Raised bog, partially drained and restored. Study plots are on sphagnum lawns eith hydrologically isolated open top containers, drought treatment involves draining ground water periodically with pumps",None,10,SR,NA,Bog,13,3,2,-10,20,0.782,13,3,1.732,-25.168,20,2.096,-15.168,Species richness per plot,SD,SD,"SR extracted from provided supplementary data (Sheet 1). WTD extracted from Figure 4, drawing dots on the smoothed line at each measurement day during the 2019 drought experiment, then getting the mean of this (WebPlotDigitizer).","Instead of ditching, they used pumping to simulate water table changes"
39,67,North,10.1111/gcb.16003,2022,"Andrews, Luke O",Plant community responses to experimental climate manipulation in a Welsh ombrotrophic peatland and their palaeoenvironmental context,UK,1,52.5,-4.01,10,Exp,"Raised bog, partially drained and restored. Study plots are on sphagnum lawns eith hydrologically isolated open top containers","Raised bog, partially drained and restored. Study plots are on sphagnum lawns eith hydrologically isolated open top containers, drought treatment involves draining ground water periodically with pumps",None,10,FG,Tree,Bog,0,3,0,-10,20,0.7816,0,3,0,-25.168,20,2.096,-15.168,Species richness per plot,SD,SD,"SR extracted from provided supplementary data (Sheet 1). WTD extracted from Figure 4, drawing dots on the smoothed line at each measurement day during the 2019 drought experiment, then getting the mean of this (WebPlotDigitizer).","Instead of ditching, they used pumping to simulate water table changes"
40,67,North,10.1111/gcb.16003,2022,"Andrews, Luke O",Plant community responses to experimental climate manipulation in a Welsh ombrotrophic peatland and their palaeoenvironmental context,UK,1,52.5,-4.01,10,Exp,"Raised bog, partially drained and restored. Study plots are on sphagnum lawns eith hydrologically isolated open top containers","Raised bog, partially drained and restored. Study plots are on sphagnum lawns eith hydrologically isolated open top containers, drought treatment involves draining ground water periodically with pumps",None,10,FG,Shrub,Bog,19.333,3,13.013,-10,20,0.7816,13.333,3,2.887,-25.168,20,2.096,-15.168,Species richness per plot,SD,SD,"SR extracted from provided supplementary data (Sheet 1). WTD extracted from Figure 4, drawing dots on the smoothed line at each measurement day during the 2019 drought experiment, then getting the mean of this (WebPlotDigitizer).",
41,67,North,10.1111/gcb.16003,2022,"Andrews, Luke O",Plant community responses to experimental climate manipulation in a Welsh ombrotrophic peatland and their palaeoenvironmental context,UK,1,52.5,-4.01,10,Exp,"Raised bog, partially drained and restored. Study plots are on sphagnum lawns eith hydrologically isolated open top containers","Raised bog, partially drained and restored. Study plots are on sphagnum lawns eith hydrologically isolated open top containers, drought treatment involves draining ground water periodically with pumps",None,10,FG,Herb,Bog,92.333,3,17.039,-10,20,0.7816,81.667,3,23.692,-25.168,20,2.096,-15.168,Species richness per plot,SD,SD,"SR extracted from provided supplementary data (Sheet 1). WTD extracted from Figure 4, drawing dots on the smoothed line at each measurement day during the 2019 drought experiment, then getting the mean of this (WebPlotDigitizer).",
42,67,North,10.1111/gcb.16003,2022,"Andrews, Luke O",Plant community responses to experimental climate manipulation in a Welsh ombrotrophic peatland and their palaeoenvironmental context,UK,1,52.5,-4.01,10,Exp,"Raised bog, partially drained and restored. Study plots are on sphagnum lawns eith hydrologically isolated open top containers","Raised bog, partially drained and restored. Study plots are on sphagnum lawns eith hydrologically isolated open top containers, drought treatment involves draining ground water periodically with pumps",None,10,FG,Moss,Bog,73,3,5.568,-10,20,0.7816,78,3,4.359,-25.168,20,2.096,-15.168,Species richness per plot,SD,SD,"SR extracted from provided supplementary data (Sheet 1). WTD extracted from Figure 4, drawing dots on the smoothed line at each measurement day during the 2019 drought experiment, then getting the mean of this (WebPlotDigitizer).",
